file_id,file_path,election_type,area_scope,district,subdistrict,station_no,pdf_name
d6f3de94db6257b39d964d7158a05c5c,LA_district5_data_raw/ล่วงหน้านอกเขตและนอกราชอาณาจักร/นอกราชอาณาจักรโนนสูง/ช.1.pdf,advance,out_of_area,,,,ช.1.pdf
0462ff708fc1f7d70cc4c1ccde70eead,LA_district5_data_raw/ล่วงหน้านอกเขตและนอกราชอาณาจักร/นอกราชอาณาจักรโนนสูง/ช.2.pdf,advance,out_of_area,,,,ช.2.pdf
bcf284443de4460fe329d7326925664a,LA_district5_data_raw/ล่วงหน้านอกเขตและนอกราชอาณาจักร/นอกราชอาณาจักรโนนสูง/ช.3.pdf,advance,out_of_area,,,,ช.3.pdf
0dae1f5a7db14e0e94e82b234c7b48a5,LA_district5_data_raw/ล่วงหน้านอกเขตและนอกราชอาณาจักร/นอกราชอาณาจักรโนนสูง/ช.4.pdf,advance,out_of_area,,,,ช.4.pdf
36cf987c0b8dc650b710d1ad5bb3a733,LA_district5_data_raw/ล่วงหน้านอกเขตและนอกราชอาณาจักร/นอกราชอาณาจักรโนนสูง/ช.5.pdf,advance,out_of_area,,,,ช.5.pdf
b775f05a2a282d3910b9e16c39eee256,LA_district5_data_raw/ล่วงหน้านอกเขตและนอกราชอาณาจักร/นอกราชอาณาจักรโนนสูง/ช.6.pdf,advance,out_of_area,,,,ช.6.pdf
365076b951c1b41187035d7f555bda3d,LA_district5_data_raw/ล่วงหน้านอกเขตและนอกราชอาณาจักร/นอกราชอาณาจักรโนนสูง/ช.7.pdf,advance,out_of_area,,,,ช.7.pdf
d58457d381db4a9896996a0537d51635,LA_district5_data_raw/ล่วงหน้านอกเขตและนอกราชอาณาจักร/นอกเขต/นอกเขต ชุดที่ 1.pdf,advance,out_of_area,,,,นอกเขต ชุดที่ 1.pdf
edbdfb26c8001cfda68d325e78316bb1,LA_district5_data_raw/ล่วงหน้านอกเขตและนอกราชอาณาจักร/นอกเขต/นอกเขต ชุดที่ 2.pdf,advance,out_of_area,,,,นอกเขต ชุดที่ 2.pdf
263a9aee741a0507952415fad5043316,LA_district5_data_raw/ล่วงหน้านอกเขตและนอกราชอาณาจักร/นอกเขต/นอกเขต ชุดที่ 3.pdf,advance,out_of_area,,,,นอกเขต ชุดที่ 3.pdf
a5eb6c58ce65aff20ebc4924b991795a,LA_district5_data_raw/ล่วงหน้านอกเขตและนอกราชอาณาจักร/นอกเขต/นอกเขต ชุดที่ 4.pdf,advance,out_of_area,,,,นอกเขต ชุดที่ 4.pdf
c4fa5c09fc5ab9be74e6edff1d352489,LA_district5_data_raw/ล่วงหน้านอกเขตและนอกราชอาณาจักร/นอกเขต/นอกเขต ชุดที่ 5.pdf,advance,out_of_area,,,,นอกเขต ชุดที่ 5.pdf
88f58579a687f561c51f9879509a1458,LA_district5_data_raw/ล่วงหน้านอกเขตและนอกราชอาณาจักร/นอกเขต/นอกเขต ชุดที่ 6.pdf,advance,out_of_area,,,,นอกเขต ชุดที่ 6.pdf
707ed6c2d6b89d6b792f1f81a8861fe1,LA_district5_data_raw/ล่วงหน้านอกเขตและนอกราชอาณาจักร/นอกเขต/นอกเขต ชุดที่ 7.pdf,advance,out_of_area,,,,นอกเขต ชุดที่ 7.pdf
0c325950786cc6260375b4d729903552,LA_district5_data_raw/อำเภอพิมาย/ตำบลกระเบื้องใหญ่/หน่วยเลือกตั้งที่ 1/น.1 ต.กระเบื้องใหญ่ ส.ส.5_18 (บช).pdf,normal,,อำเภอพิมาย,ตำบลกระเบื้องใหญ่,1,น.1 ต.กระเบื้องใหญ่ ส.ส.5_18 (บช).pdf
df838e8e89a4707ff202a504c3924fbd,LA_district5_data_raw/อำเภอพิมาย/ตำบลกระเบื้องใหญ่/หน่วยเลือกตั้งที่ 1/น.1 ต.กระเบื้องใหญ่ ส.ส.5_18.pdf,normal,,อำเภอพิมาย,ตำบลกระเบื้องใหญ่,1,น.1 ต.กระเบื้องใหญ่ ส.ส.5_18.pdf
160a1b51005cc1cbb633e9e34b2e36a3,LA_district5_data_raw/อำเภอพิมาย/ตำบลกระเบื้องใหญ่/หน่วยเลือกตั้งที่ 10/น.10 ต.กระเบื้องใหญ่ ส.ส.5_18 (บช).pdf,normal,,อำเภอพิมาย,ตำบลกระเบื้องใหญ่,10,น.10 ต.กระเบื้องใหญ่ ส.ส.5_18 (บช).pdf
31b61bde306e7acada7d42a364e4b112,LA_district5_data_raw/อำเภอพิมาย/ตำบลกระเบื้องใหญ่/หน่วยเลือกตั้งที่ 10/น.10 ต.กระเบื้องใหญ่ ส.ส.5_18.pdf,normal,,อำเภอพิมาย,ตำบลกระเบื้องใหญ่,10,น.10 ต.กระเบื้องใหญ่ ส.ส.5_18.pdf
d2bf56c7dbafe7a0ff103a36fa96b611,LA_district5_data_raw/อำเภอพิมาย/ตำบลกระเบื้องใหญ่/หน่วยเลือกตั้งที่ 11/น.11 ต.กระเบื้องใหญ่ ส.ส.5_18 (บช).pdf,normal,,อำเภอพิมาย,ตำบลกระเบื้องใหญ่,11,น.11 ต.กระเบื้องใหญ่ ส.ส.5_18 (บช).pdf
be0674a1bf69f088a02af21e76221a1f,LA_district5_data_raw/อำเภอพิมาย/ตำบลกระเบื้องใหญ่/หน่วยเลือกตั้งที่ 11/น.11 ต.กระเบื้องใหญ่ ส.ส.5_18.pdf,normal,,อำเภอพิมาย,ตำบลกระเบื้องใหญ่,11,น.11 ต.กระเบื้องใหญ่ ส.ส.5_18.pdf
abf454b34995d0a06e9d2cf6df463170,LA_district5_data_raw/อำเภอพิมาย/ตำบลกระเบื้องใหญ่/หน่วยเลือกตั้งที่ 2/น.2 ต.กระเบื้องใหญ่ ส.ส.5_18 (บช).pdf,normal,,อำเภอพิมาย,ตำบลกระเบื้องใหญ่,2,น.2 ต.กระเบื้องใหญ่ ส.ส.5_18 (บช).pdf
a811560bafaa7cc080ed4fd3a26f5471,LA_district5_data_raw/อำเภอพิมาย/ตำบลกระเบื้องใหญ่/หน่วยเลือกตั้งที่ 2/น.2 ต.กระเบื้องใหญ่ ส.ส.5_18.pdf,normal,,อำเภอพิมาย,ตำบลกระเบื้องใหญ่,2,น.2 ต.กระเบื้องใหญ่ ส.ส.5_18.pdf
df43fa51c001f20be94a9db68fcb9fb8,LA_district5_data_raw/อำเภอพิมาย/ตำบลกระเบื้องใหญ่/หน่วยเลือกตั้งที่ 3/น.3 ต.กระเบื้องใหญ่ ส.ส.5_18 (บช).pdf,normal,,อำเภอพิมาย,ตำบลกระเบื้องใหญ่,3,น.3 ต.กระเบื้องใหญ่ ส.ส.5_18 (บช).pdf
c17e6b550431d281157217becb51150e,LA_district5_data_raw/อำเภอพิมาย/ตำบลกระเบื้องใหญ่/หน่วยเลือกตั้งที่ 3/น.3 ต.กระเบื้องใหญ่ ส.ส.5_18.pdf,normal,,อำเภอพิมาย,ตำบลกระเบื้องใหญ่,3,น.3 ต.กระเบื้องใหญ่ ส.ส.5_18.pdf
4d4b348318b2904de34d8eabc6ec4327,LA_district5_data_raw/อำเภอพิมาย/ตำบลกระเบื้องใหญ่/หน่วยเลือกตั้งที่ 4/น.4 ต.กระเบื้องใหญ่ ส.ส.5_18 (บช).pdf,normal,,อำเภอพิมาย,ตำบลกระเบื้องใหญ่,4,น.4 ต.กระเบื้องใหญ่ ส.ส.5_18 (บช).pdf
01d5f3c349061edd8c1206899b46fcc4,LA_district5_data_raw/อำเภอพิมาย/ตำบลกระเบื้องใหญ่/หน่วยเลือกตั้งที่ 4/น.4 ต.กระเบื้องใหญ่ ส.ส.5_18.pdf,normal,,อำเภอพิมาย,ตำบลกระเบื้องใหญ่,4,น.4 ต.กระเบื้องใหญ่ ส.ส.5_18.pdf
99aec0e88b758e84bd593c9101a58c60,LA_district5_data_raw/อำเภอพิมาย/ตำบลกระเบื้องใหญ่/หน่วยเลือกตั้งที่ 5/น.5 ต.กระเบื้องใหญ่ ส.ส.5_18 (บช).pdf,normal,,อำเภอพิมาย,ตำบลกระเบื้องใหญ่,5,น.5 ต.กระเบื้องใหญ่ ส.ส.5_18 (บช).pdf
60b793a6e0a51c5400a8c3a416ffcd27,LA_district5_data_raw/อำเภอพิมาย/ตำบลกระเบื้องใหญ่/หน่วยเลือกตั้งที่ 5/น.5 ต.กระเบื้องใหญ่ ส.ส.5_18.pdf,normal,,อำเภอพิมาย,ตำบลกระเบื้องใหญ่,5,น.5 ต.กระเบื้องใหญ่ ส.ส.5_18.pdf
f8758b78bdf5ec0a9b54a1cca35ea0a1,LA_district5_data_raw/อำเภอพิมาย/ตำบลกระเบื้องใหญ่/หน่วยเลือกตั้งที่ 6/น.6 ต.กระเบื้องใหญ่ ส.ส.5_18 (บช).pdf,normal,,อำเภอพิมาย,ตำบลกระเบื้องใหญ่,6,น.6 ต.กระเบื้องใหญ่ ส.ส.5_18 (บช).pdf
8c33a11513108838159918c56e940a94,LA_district5_data_raw/อำเภอพิมาย/ตำบลกระเบื้องใหญ่/หน่วยเลือกตั้งที่ 6/น.6 ต.กระเบื้องใหญ่ ส.ส.5_18.pdf,normal,,อำเภอพิมาย,ตำบลกระเบื้องใหญ่,6,น.6 ต.กระเบื้องใหญ่ ส.ส.5_18.pdf
7db464476535ef385876e5ea76fb8225,LA_district5_data_raw/อำเภอพิมาย/ตำบลกระเบื้องใหญ่/หน่วยเลือกตั้งที่ 7/น.7 ต.กระเบื้องใหญ่ ส.ส.5_18 (บช).pdf,normal,,อำเภอพิมาย,ตำบลกระเบื้องใหญ่,7,น.7 ต.กระเบื้องใหญ่ ส.ส.5_18 (บช).pdf
cd48f5a3008689f499edb58f6d9e7c22,LA_district5_data_raw/อำเภอพิมาย/ตำบลกระเบื้องใหญ่/หน่วยเลือกตั้งที่ 7/น.7 ต.กระเบื้องใหญ่ ส.ส.5_18.pdf,normal,,อำเภอพิมาย,ตำบลกระเบื้องใหญ่,7,น.7 ต.กระเบื้องใหญ่ ส.ส.5_18.pdf
85b36c977c302475031db044ec936c5f,LA_district5_data_raw/อำเภอพิมาย/ตำบลกระเบื้องใหญ่/หน่วยเลือกตั้งที่ 8/น.8 ต.กระเบื้องใหญ่ ส.ส.5_18 (บช).pdf,normal,,อำเภอพิมาย,ตำบลกระเบื้องใหญ่,8,น.8 ต.กระเบื้องใหญ่ ส.ส.5_18 (บช).pdf
58766410195c48badd15c53c76e999e7,LA_district5_data_raw/อำเภอพิมาย/ตำบลกระเบื้องใหญ่/หน่วยเลือกตั้งที่ 8/น.8 ต.กระเบื้องใหญ่ ส.ส.5_18.pdf,normal,,อำเภอพิมาย,ตำบลกระเบื้องใหญ่,8,น.8 ต.กระเบื้องใหญ่ ส.ส.5_18.pdf
d1794526f5224257b6032ef88eddac08,LA_district5_data_raw/อำเภอพิมาย/ตำบลกระเบื้องใหญ่/หน่วยเลือกตั้งที่ 9/น.9 ต.กระเบื้องใหญ่ ส.ส.5_18 (บช).pdf,normal,,อำเภอพิมาย,ตำบลกระเบื้องใหญ่,9,น.9 ต.กระเบื้องใหญ่ ส.ส.5_18 (บช).pdf
05e2804c8fc83f7ec0d5ac1cd9aa42e3,LA_district5_data_raw/อำเภอพิมาย/ตำบลกระเบื้องใหญ่/หน่วยเลือกตั้งที่ 9/น.9 ต.กระเบื้องใหญ่ ส.ส.5_18.pdf,normal,,อำเภอพิมาย,ตำบลกระเบื้องใหญ่,9,น.9 ต.กระเบื้องใหญ่ ส.ส.5_18.pdf
b6bb9c472bb2b4bab17bb86601fd7366,LA_district5_data_raw/อำเภอพิมาย/ตำบลชีวาน/หน่วยเลือกตั้งที่ 1/น.1 ต.ชีวาน ส.ส.5_18 (บช).pdf,normal,,อำเภอพิมาย,ตำบลชีวาน,1,น.1 ต.ชีวาน ส.ส.5_18 (บช).pdf
4a553ce82ffddef01becbd2195a88b21,LA_district5_data_raw/อำเภอพิมาย/ตำบลชีวาน/หน่วยเลือกตั้งที่ 1/น.1 ต.ชีวาน ส.ส.5_18.pdf,normal,,อำเภอพิมาย,ตำบลชีวาน,1,น.1 ต.ชีวาน ส.ส.5_18.pdf
8b906231c3c92326aecd238d9639fa10,LA_district5_data_raw/อำเภอพิมาย/ตำบลชีวาน/หน่วยเลือกตั้งที่ 2/น.2 ต.ชีวาน ส.ส.5_18 (บช).pdf,normal,,อำเภอพิมาย,ตำบลชีวาน,2,น.2 ต.ชีวาน ส.ส.5_18 (บช).pdf
84e278ed11cf71bb7c7d0ce2467b8dc4,LA_district5_data_raw/อำเภอพิมาย/ตำบลชีวาน/หน่วยเลือกตั้งที่ 2/น.2 ต.ชีวาน ส.ส.5_18.pdf,normal,,อำเภอพิมาย,ตำบลชีวาน,2,น.2 ต.ชีวาน ส.ส.5_18.pdf
3ef6cadc5b8f293dfd78e4323b07934f,LA_district5_data_raw/อำเภอพิมาย/ตำบลชีวาน/หน่วยเลือกตั้งที่ 3/น.3 ต.ชีวาน ส.ส.5_18 (บช).pdf,normal,,อำเภอพิมาย,ตำบลชีวาน,3,น.3 ต.ชีวาน ส.ส.5_18 (บช).pdf
9dc92f4f7eae6158beb0adabf3e19ff1,LA_district5_data_raw/อำเภอพิมาย/ตำบลชีวาน/หน่วยเลือกตั้งที่ 3/น.3 ต.ชีวาน ส.ส.5_18.pdf,normal,,อำเภอพิมาย,ตำบลชีวาน,3,น.3 ต.ชีวาน ส.ส.5_18.pdf
d285fd3788c368cd1887a55d253e5e6f,LA_district5_data_raw/อำเภอพิมาย/ตำบลชีวาน/หน่วยเลือกตั้งที่ 4/น.4 ต.ชีวาน ส.ส.5_18 (บช).pdf,normal,,อำเภอพิมาย,ตำบลชีวาน,4,น.4 ต.ชีวาน ส.ส.5_18 (บช).pdf
958a2aca318af65e16c1abe64e35ea83,LA_district5_data_raw/อำเภอพิมาย/ตำบลชีวาน/หน่วยเลือกตั้งที่ 4/น.4 ต.ชีวาน ส.ส.5_18.pdf,normal,,อำเภอพิมาย,ตำบลชีวาน,4,น.4 ต.ชีวาน ส.ส.5_18.pdf
189ea2f4f4a10fa94f74375cb94d9ff1,LA_district5_data_raw/อำเภอพิมาย/ตำบลชีวาน/หน่วยเลือกตั้งที่ 5/น.5 ต.ชีวาน ส.ส.5_18 (บช).pdf,normal,,อำเภอพิมาย,ตำบลชีวาน,5,น.5 ต.ชีวาน ส.ส.5_18 (บช).pdf
f8139889ac2eb2a32ee940a21e53ccd3,LA_district5_data_raw/อำเภอพิมาย/ตำบลชีวาน/หน่วยเลือกตั้งที่ 5/น.5 ต.ชีวาน ส.ส.5_18.pdf,normal,,อำเภอพิมาย,ตำบลชีวาน,5,น.5 ต.ชีวาน ส.ส.5_18.pdf
bdd1d4a90548e91a88aaf051726dc525,LA_district5_data_raw/อำเภอพิมาย/ตำบลชีวาน/หน่วยเลือกตั้งที่ 6/น.6 ต.ชีวาน ส.ส.5_18 (บช).pdf,normal,,อำเภอพิมาย,ตำบลชีวาน,6,น.6 ต.ชีวาน ส.ส.5_18 (บช).pdf
a48654efcc4c764289066f808d1281a5,LA_district5_data_raw/อำเภอพิมาย/ตำบลชีวาน/หน่วยเลือกตั้งที่ 6/น.6 ต.ชีวาน ส.ส.5_18.pdf,normal,,อำเภอพิมาย,ตำบลชีวาน,6,น.6 ต.ชีวาน ส.ส.5_18.pdf
e725f7e0a5b0b98cc81c64259238709d,LA_district5_data_raw/อำเภอพิมาย/ตำบลชีวาน/หน่วยเลือกตั้งที่ 7/น.7 ต.ชีวาน ส.ส.5_18 (บช).pdf,normal,,อำเภอพิมาย,ตำบลชีวาน,7,น.7 ต.ชีวาน ส.ส.5_18 (บช).pdf
66a38e62fd8014bba8d0c4ed8a89fb8c,LA_district5_data_raw/อำเภอพิมาย/ตำบลชีวาน/หน่วยเลือกตั้งที่ 7/น.7 ต.ชีวาน ส.ส.5_18.pdf,normal,,อำเภอพิมาย,ตำบลชีวาน,7,น.7 ต.ชีวาน ส.ส.5_18.pdf
573f138d94c4d896fae7389c15f79181,LA_district5_data_raw/อำเภอพิมาย/ตำบลชีวาน/หน่วยเลือกตั้งที่ 8/น.8 ต.ชีวาน ส.ส.5_18 (บช).pdf,normal,,อำเภอพิมาย,ตำบลชีวาน,8,น.8 ต.ชีวาน ส.ส.5_18 (บช).pdf
52e89eafc2ba8694933102e7ad412d64,LA_district5_data_raw/อำเภอพิมาย/ตำบลชีวาน/หน่วยเลือกตั้งที่ 8/น.8 ต.ชีวาน ส.ส.5_18.pdf,normal,,อำเภอพิมาย,ตำบลชีวาน,8,น.8 ต.ชีวาน ส.ส.5_18.pdf
1708b29955dd5ceae78ec06675794ab7,LA_district5_data_raw/อำเภอพิมาย/ตำบลชีวาน/หน่วยเลือกตั้งที่ 9/น.9 ต.ชีวาน ส.ส.5_18 (บช).pdf,normal,,อำเภอพิมาย,ตำบลชีวาน,9,น.9 ต.ชีวาน ส.ส.5_18 (บช).pdf
62f9566f4b5e25a18e22a0b35c047724,LA_district5_data_raw/อำเภอพิมาย/ตำบลชีวาน/หน่วยเลือกตั้งที่ 9/น.9 ต.ชีวาน ส.ส.5_18.pdf,normal,,อำเภอพิมาย,ตำบลชีวาน,9,น.9 ต.ชีวาน ส.ส.5_18.pdf
4786e1cd838a5f2b9562c1a5c135ad1d,LA_district5_data_raw/อำเภอพิมาย/ตำบลท่าหลวง/หน่วยเลือกตั้งที่ 1/น.1 ต.ท่าหลวง ส.ส.5_18 (บช).pdf,normal,,อำเภอพิมาย,ตำบลท่าหลวง,1,น.1 ต.ท่าหลวง ส.ส.5_18 (บช).pdf
1ea5f32e7afe9409dde7761a484c6e42,LA_district5_data_raw/อำเภอพิมาย/ตำบลท่าหลวง/หน่วยเลือกตั้งที่ 1/น.1 ต.ท่าหลวง ส.ส.5_18.pdf,normal,,อำเภอพิมาย,ตำบลท่าหลวง,1,น.1 ต.ท่าหลวง ส.ส.5_18.pdf
6dc4e136b4b80b7ff1c0f4d776e0699f,LA_district5_data_raw/อำเภอพิมาย/ตำบลท่าหลวง/หน่วยเลือกตั้งที่ 2/น.2 ต.ท่าหลวง ส.ส.5_18 (บช).pdf,normal,,อำเภอพิมาย,ตำบลท่าหลวง,2,น.2 ต.ท่าหลวง ส.ส.5_18 (บช).pdf
6625033d01a375c1f1b204a665886300,LA_district5_data_raw/อำเภอพิมาย/ตำบลท่าหลวง/หน่วยเลือกตั้งที่ 2/น.2 ต.ท่าหลวง ส.ส.5_18.pdf,normal,,อำเภอพิมาย,ตำบลท่าหลวง,2,น.2 ต.ท่าหลวง ส.ส.5_18.pdf
98ff5254e0e0c5f6f210bfc288205039,LA_district5_data_raw/อำเภอพิมาย/ตำบลท่าหลวง/หน่วยเลือกตั้งที่ 3/น.3 ต.ท่าหลวง ส.ส.5_18 (บช).pdf,normal,,อำเภอพิมาย,ตำบลท่าหลวง,3,น.3 ต.ท่าหลวง ส.ส.5_18 (บช).pdf
eb47eae4940616a68963df8a156c098f,LA_district5_data_raw/อำเภอพิมาย/ตำบลท่าหลวง/หน่วยเลือกตั้งที่ 3/น.3 ต.ท่าหลวง ส.ส.5_18.pdf,normal,,อำเภอพิมาย,ตำบลท่าหลวง,3,น.3 ต.ท่าหลวง ส.ส.5_18.pdf
cc5d4a02c808a175024ea823c86540af,LA_district5_data_raw/อำเภอพิมาย/ตำบลท่าหลวง/หน่วยเลือกตั้งที่ 4/น.4 ต.ท่าหลวง ส.ส.5_18 (บช).pdf,normal,,อำเภอพิมาย,ตำบลท่าหลวง,4,น.4 ต.ท่าหลวง ส.ส.5_18 (บช).pdf
5e36828133dbbe2951c0e954068c27c2,LA_district5_data_raw/อำเภอพิมาย/ตำบลท่าหลวง/หน่วยเลือกตั้งที่ 4/น.4 ต.ท่าหลวง ส.ส.5_18.pdf,normal,,อำเภอพิมาย,ตำบลท่าหลวง,4,น.4 ต.ท่าหลวง ส.ส.5_18.pdf
afe3aef912c0d5009d676539a2d0d2af,LA_district5_data_raw/อำเภอพิมาย/ตำบลท่าหลวง/หน่วยเลือกตั้งที่ 5/น.5 ต.ท่าหลวง ส.ส.5_18 (บช).pdf,normal,,อำเภอพิมาย,ตำบลท่าหลวง,5,น.5 ต.ท่าหลวง ส.ส.5_18 (บช).pdf
7a735b3432df5671abcb472c6460e96a,LA_district5_data_raw/อำเภอพิมาย/ตำบลท่าหลวง/หน่วยเลือกตั้งที่ 5/น.5 ต.ท่าหลวง ส.ส.5_18.pdf,normal,,อำเภอพิมาย,ตำบลท่าหลวง,5,น.5 ต.ท่าหลวง ส.ส.5_18.pdf
9f8d67739540f65e860509db6ff46458,LA_district5_data_raw/อำเภอพิมาย/ตำบลท่าหลวง/หน่วยเลือกตั้งที่ 6/น.6 ต.ท่าหลวง ส.ส.5_18 (บช).pdf,normal,,อำเภอพิมาย,ตำบลท่าหลวง,6,น.6 ต.ท่าหลวง ส.ส.5_18 (บช).pdf
b5ef992103e7af8685c5e2d77f1620ab,LA_district5_data_raw/อำเภอพิมาย/ตำบลท่าหลวง/หน่วยเลือกตั้งที่ 6/น.6 ต.ท่าหลวง ส.ส.5_18.pdf,normal,,อำเภอพิมาย,ตำบลท่าหลวง,6,น.6 ต.ท่าหลวง ส.ส.5_18.pdf
334e8e5a120b090b2c26b983633f6c17,LA_district5_data_raw/อำเภอพิมาย/ตำบลท่าหลวง/หน่วยเลือกตั้งที่ 7/น.7 ต.ท่าหลวง ส.ส.5_18 (บช).pdf,normal,,อำเภอพิมาย,ตำบลท่าหลวง,7,น.7 ต.ท่าหลวง ส.ส.5_18 (บช).pdf
31eb88296bdb937589034b91576bd5a7,LA_district5_data_raw/อำเภอพิมาย/ตำบลท่าหลวง/หน่วยเลือกตั้งที่ 7/น.7 ต.ท่าหลวง ส.ส.5_18.pdf,normal,,อำเภอพิมาย,ตำบลท่าหลวง,7,น.7 ต.ท่าหลวง ส.ส.5_18.pdf
b768374b9dddb7c1de729b0f91f5cd71,LA_district5_data_raw/อำเภอพิมาย/ตำบลท่าหลวง/หน่วยเลือกตั้งที่ 8/น.8 ต.ท่าหลวง ส.ส.5_18 (บช).pdf,normal,,อำเภอพิมาย,ตำบลท่าหลวง,8,น.8 ต.ท่าหลวง ส.ส.5_18 (บช).pdf
01ad8a407a5e0b7c3151323002d46bc6,LA_district5_data_raw/อำเภอพิมาย/ตำบลท่าหลวง/หน่วยเลือกตั้งที่ 8/น.8 ต.ท่าหลวง ส.ส.5_18.pdf,normal,,อำเภอพิมาย,ตำบลท่าหลวง,8,น.8 ต.ท่าหลวง ส.ส.5_18.pdf
0982e6d3e342b27cc18ac2dab601ac12,LA_district5_data_raw/อำเภอพิมาย/ตำบลท่าหลวง/หน่วยเลือกตั้งที่ 9/น.9 ต.ท่าหลวง ส.ส.5_18 (บช).pdf,normal,,อำเภอพิมาย,ตำบลท่าหลวง,9,น.9 ต.ท่าหลวง ส.ส.5_18 (บช).pdf
36ca5d2ece3f096f6d6f38968a13f0bb,LA_district5_data_raw/อำเภอพิมาย/ตำบลท่าหลวง/หน่วยเลือกตั้งที่ 9/น.9 ต.ท่าหลวง ส.ส.5_18.pdf,normal,,อำเภอพิมาย,ตำบลท่าหลวง,9,น.9 ต.ท่าหลวง ส.ส.5_18.pdf
f3ecf1bfa573c86f435ad17eecfcb95c,LA_district5_data_raw/อำเภอพิมาย/ตำบลสัมฤทธิ์/หน่วยเลือกตั้งที่ 1/น.1 ต.สัมฤทธิ์ ส.ส.5_18 (บช).pdf,normal,,อำเภอพิมาย,ตำบลสัมฤทธิ์,1,น.1 ต.สัมฤทธิ์ ส.ส.5_18 (บช).pdf
1ec34c1294afa32512d0666a8162c44d,LA_district5_data_raw/อำเภอพิมาย/ตำบลสัมฤทธิ์/หน่วยเลือกตั้งที่ 1/น.1 ต.สัมฤทธิ์ ส.ส.5_18.pdf,normal,,อำเภอพิมาย,ตำบลสัมฤทธิ์,1,น.1 ต.สัมฤทธิ์ ส.ส.5_18.pdf
cb6f621c216c7f15d076fb2ea4538b4e,LA_district5_data_raw/อำเภอพิมาย/ตำบลสัมฤทธิ์/หน่วยเลือกตั้งที่ 10/น.10 ต.สัมฤทธิ์ ส.ส.5_18 (บช).pdf,normal,,อำเภอพิมาย,ตำบลสัมฤทธิ์,10,น.10 ต.สัมฤทธิ์ ส.ส.5_18 (บช).pdf
26114f9db6dc9ae14ec1f38c67efec54,LA_district5_data_raw/อำเภอพิมาย/ตำบลสัมฤทธิ์/หน่วยเลือกตั้งที่ 10/น.10 ต.สัมฤทธิ์ ส.ส.5_18.pdf,normal,,อำเภอพิมาย,ตำบลสัมฤทธิ์,10,น.10 ต.สัมฤทธิ์ ส.ส.5_18.pdf
e76b9b78686f6b555e68e22fe65ceb04,LA_district5_data_raw/อำเภอพิมาย/ตำบลสัมฤทธิ์/หน่วยเลือกตั้งที่ 11/น.11 ต.สัมฤทธิ์ ส.ส.5_18 (บช).pdf,normal,,อำเภอพิมาย,ตำบลสัมฤทธิ์,11,น.11 ต.สัมฤทธิ์ ส.ส.5_18 (บช).pdf
06e964224ba66babbb7a3bf073794fe4,LA_district5_data_raw/อำเภอพิมาย/ตำบลสัมฤทธิ์/หน่วยเลือกตั้งที่ 11/น.11 ต.สัมฤทธิ์ ส.ส.5_18.pdf,normal,,อำเภอพิมาย,ตำบลสัมฤทธิ์,11,น.11 ต.สัมฤทธิ์ ส.ส.5_18.pdf
996b58a9aa6af945896ac1b7cfe7273a,LA_district5_data_raw/อำเภอพิมาย/ตำบลสัมฤทธิ์/หน่วยเลือกตั้งที่ 12/น.12 ต.สัมฤทธิ์ ส.ส.5_18 (บช).pdf,normal,,อำเภอพิมาย,ตำบลสัมฤทธิ์,12,น.12 ต.สัมฤทธิ์ ส.ส.5_18 (บช).pdf
65a2d88700b3545bd9008947d18c7504,LA_district5_data_raw/อำเภอพิมาย/ตำบลสัมฤทธิ์/หน่วยเลือกตั้งที่ 12/น.12 ต.สัมฤทธิ์ ส.ส.5_18.pdf,normal,,อำเภอพิมาย,ตำบลสัมฤทธิ์,12,น.12 ต.สัมฤทธิ์ ส.ส.5_18.pdf
7b831a6bd3786665a8154d891e20d9dc,LA_district5_data_raw/อำเภอพิมาย/ตำบลสัมฤทธิ์/หน่วยเลือกตั้งที่ 13/น.13 ต.สัมฤทธิ์ ส.ส.5_18 (บช).pdf,normal,,อำเภอพิมาย,ตำบลสัมฤทธิ์,13,น.13 ต.สัมฤทธิ์ ส.ส.5_18 (บช).pdf
11b57cd11651075824a888d72a0d7aac,LA_district5_data_raw/อำเภอพิมาย/ตำบลสัมฤทธิ์/หน่วยเลือกตั้งที่ 13/น.13 ต.สัมฤทธิ์ ส.ส.5_18.pdf,normal,,อำเภอพิมาย,ตำบลสัมฤทธิ์,13,น.13 ต.สัมฤทธิ์ ส.ส.5_18.pdf
37e4e99d0c85867f7e842820070a715a,LA_district5_data_raw/อำเภอพิมาย/ตำบลสัมฤทธิ์/หน่วยเลือกตั้งที่ 14/น.14 ต.สัมฤทธิ์ ส.ส.5_18 (บช).pdf,normal,,อำเภอพิมาย,ตำบลสัมฤทธิ์,14,น.14 ต.สัมฤทธิ์ ส.ส.5_18 (บช).pdf
b975eac6096750922f1085a9407f7c18,LA_district5_data_raw/อำเภอพิมาย/ตำบลสัมฤทธิ์/หน่วยเลือกตั้งที่ 14/น.14 ต.สัมฤทธิ์ ส.ส.5_18.pdf,normal,,อำเภอพิมาย,ตำบลสัมฤทธิ์,14,น.14 ต.สัมฤทธิ์ ส.ส.5_18.pdf
3276d94dafde679b6718020882e6e506,LA_district5_data_raw/อำเภอพิมาย/ตำบลสัมฤทธิ์/หน่วยเลือกตั้งที่ 15/น.15 ต.สัมฤทธิ์ ส.ส.5_18 (บช).pdf,normal,,อำเภอพิมาย,ตำบลสัมฤทธิ์,15,น.15 ต.สัมฤทธิ์ ส.ส.5_18 (บช).pdf
46bb112527a89a53792ad804f3713804,LA_district5_data_raw/อำเภอพิมาย/ตำบลสัมฤทธิ์/หน่วยเลือกตั้งที่ 15/น.15 ต.สัมฤทธิ์ ส.ส.5_18.pdf,normal,,อำเภอพิมาย,ตำบลสัมฤทธิ์,15,น.15 ต.สัมฤทธิ์ ส.ส.5_18.pdf
5a2e41c2be498ab54a71f2eb76b3b2cb,LA_district5_data_raw/อำเภอพิมาย/ตำบลสัมฤทธิ์/หน่วยเลือกตั้งที่ 16/น.16 ต.สัมฤทธิ์ ส.ส.5_18 (บช).pdf,normal,,อำเภอพิมาย,ตำบลสัมฤทธิ์,16,น.16 ต.สัมฤทธิ์ ส.ส.5_18 (บช).pdf
5106ffcebba88f2c91869289125b385a,LA_district5_data_raw/อำเภอพิมาย/ตำบลสัมฤทธิ์/หน่วยเลือกตั้งที่ 16/น.16 ต.สัมฤทธิ์ ส.ส.5_18.pdf,normal,,อำเภอพิมาย,ตำบลสัมฤทธิ์,16,น.16 ต.สัมฤทธิ์ ส.ส.5_18.pdf
e0b57b82c5dfc7bbd9c0ff001f92f15e,LA_district5_data_raw/อำเภอพิมาย/ตำบลสัมฤทธิ์/หน่วยเลือกตั้งที่ 2/น.2 ต.สัมฤทธิ์ ส.ส.5_18 (บช).pdf,normal,,อำเภอพิมาย,ตำบลสัมฤทธิ์,2,น.2 ต.สัมฤทธิ์ ส.ส.5_18 (บช).pdf
b985abd2320e6f960cc988ac11382a77,LA_district5_data_raw/อำเภอพิมาย/ตำบลสัมฤทธิ์/หน่วยเลือกตั้งที่ 2/น.2 ต.สัมฤทธิ์ ส.ส.5_18.pdf,normal,,อำเภอพิมาย,ตำบลสัมฤทธิ์,2,น.2 ต.สัมฤทธิ์ ส.ส.5_18.pdf
5feac47af840507780d084ad3b70e7e8,LA_district5_data_raw/อำเภอพิมาย/ตำบลสัมฤทธิ์/หน่วยเลือกตั้งที่ 3/น.3 ต.สัมฤทธิ์ ส.ส.5_18 (บช).pdf,normal,,อำเภอพิมาย,ตำบลสัมฤทธิ์,3,น.3 ต.สัมฤทธิ์ ส.ส.5_18 (บช).pdf
5ebf621dbb485d453482f62b258a019d,LA_district5_data_raw/อำเภอพิมาย/ตำบลสัมฤทธิ์/หน่วยเลือกตั้งที่ 3/น.3 ต.สัมฤทธิ์ ส.ส.5_18.pdf,normal,,อำเภอพิมาย,ตำบลสัมฤทธิ์,3,น.3 ต.สัมฤทธิ์ ส.ส.5_18.pdf
430d48aa326d60f62f6aaa74c715e0d0,LA_district5_data_raw/อำเภอพิมาย/ตำบลสัมฤทธิ์/หน่วยเลือกตั้งที่ 4/น.4 ต.สัมฤทธิ์ ส.ส.5_18 (บช).pdf,normal,,อำเภอพิมาย,ตำบลสัมฤทธิ์,4,น.4 ต.สัมฤทธิ์ ส.ส.5_18 (บช).pdf
bf52a1b7485b0d289d08a03878261027,LA_district5_data_raw/อำเภอพิมาย/ตำบลสัมฤทธิ์/หน่วยเลือกตั้งที่ 4/น.4 ต.สัมฤทธิ์ ส.ส.5_18.pdf,normal,,อำเภอพิมาย,ตำบลสัมฤทธิ์,4,น.4 ต.สัมฤทธิ์ ส.ส.5_18.pdf
cede52131d4f56136a93e186c82dee9c,LA_district5_data_raw/อำเภอพิมาย/ตำบลสัมฤทธิ์/หน่วยเลือกตั้งที่ 5/น.5 ต.สัมฤทธิ์ ส.ส.5_18 (บช).pdf,normal,,อำเภอพิมาย,ตำบลสัมฤทธิ์,5,น.5 ต.สัมฤทธิ์ ส.ส.5_18 (บช).pdf
4c01008bc959b15da905174e6c603efa,LA_district5_data_raw/อำเภอพิมาย/ตำบลสัมฤทธิ์/หน่วยเลือกตั้งที่ 5/น.5 ต.สัมฤทธิ์ ส.ส.5_18.pdf,normal,,อำเภอพิมาย,ตำบลสัมฤทธิ์,5,น.5 ต.สัมฤทธิ์ ส.ส.5_18.pdf
ae599acc1e5c03e5e2d407edd0203058,LA_district5_data_raw/อำเภอพิมาย/ตำบลสัมฤทธิ์/หน่วยเลือกตั้งที่ 6/น.6 ต.สัมฤทธิ์ ส.ส.5_18 (บช).pdf,normal,,อำเภอพิมาย,ตำบลสัมฤทธิ์,6,น.6 ต.สัมฤทธิ์ ส.ส.5_18 (บช).pdf
31651a97e1f282dab12996e7c8c909a4,LA_district5_data_raw/อำเภอพิมาย/ตำบลสัมฤทธิ์/หน่วยเลือกตั้งที่ 6/น.6 ต.สัมฤทธิ์ ส.ส.5_18.pdf,normal,,อำเภอพิมาย,ตำบลสัมฤทธิ์,6,น.6 ต.สัมฤทธิ์ ส.ส.5_18.pdf
80c4f292b162fed2e64508a8003435f6,LA_district5_data_raw/อำเภอพิมาย/ตำบลสัมฤทธิ์/หน่วยเลือกตั้งที่ 7/น.7 ต.สัมฤทธิ์ ส.ส.5_18 (บช).pdf,normal,,อำเภอพิมาย,ตำบลสัมฤทธิ์,7,น.7 ต.สัมฤทธิ์ ส.ส.5_18 (บช).pdf
9624eb8e5fbf57a5b913caf20ea6fb3b,LA_district5_data_raw/อำเภอพิมาย/ตำบลสัมฤทธิ์/หน่วยเลือกตั้งที่ 7/น.7 ต.สัมฤทธิ์ ส.ส.5_18.pdf,normal,,อำเภอพิมาย,ตำบลสัมฤทธิ์,7,น.7 ต.สัมฤทธิ์ ส.ส.5_18.pdf
fcdd4c7c761399912f902500e31075ef,LA_district5_data_raw/อำเภอพิมาย/ตำบลสัมฤทธิ์/หน่วยเลือกตั้งที่ 8/น.8 ต.สัมฤทธิ์ ส.ส.5_18 (บช).pdf,normal,,อำเภอพิมาย,ตำบลสัมฤทธิ์,8,น.8 ต.สัมฤทธิ์ ส.ส.5_18 (บช).pdf
aa77c56135ae54c444e140e8d74d268d,LA_district5_data_raw/อำเภอพิมาย/ตำบลสัมฤทธิ์/หน่วยเลือกตั้งที่ 8/น.8 ต.สัมฤทธิ์ ส.ส.5_18.pdf,normal,,อำเภอพิมาย,ตำบลสัมฤทธิ์,8,น.8 ต.สัมฤทธิ์ ส.ส.5_18.pdf
2e6619c2fc25832b51377e378cb1f9b9,LA_district5_data_raw/อำเภอพิมาย/ตำบลสัมฤทธิ์/หน่วยเลือกตั้งที่ 9/น.9 ต.สัมฤทธิ์ ส.ส.5_18 (บช).pdf,normal,,อำเภอพิมาย,ตำบลสัมฤทธิ์,9,น.9 ต.สัมฤทธิ์ ส.ส.5_18 (บช).pdf
e79a810bc58d3eca65be424181e0730c,LA_district5_data_raw/อำเภอพิมาย/ตำบลสัมฤทธิ์/หน่วยเลือกตั้งที่ 9/น.9 ต.สัมฤทธิ์ ส.ส.5_18.pdf,normal,,อำเภอพิมาย,ตำบลสัมฤทธิ์,9,น.9 ต.สัมฤทธิ์ ส.ส.5_18.pdf
9407ed19f8984cc51cb861f720ddc39a,LA_district5_data_raw/อำเภอเฉลิมพระเกียรติ/ตำบลช้างทอง/หน่วยเลือกตั้งที่ 1/ส.ส. 5ทับ18 (บช).pdf,normal,,อำเภอเฉลิมพระเกียรติ,ตำบลช้างทอง,1,ส.ส. 5ทับ18 (บช).pdf
ba72a6a07dbe58bb7b88f5a5fe752be1,LA_district5_data_raw/อำเภอเฉลิมพระเกียรติ/ตำบลช้างทอง/หน่วยเลือกตั้งที่ 1/ส.ส. 5ทับ18.pdf,normal,,อำเภอเฉลิมพระเกียรติ,ตำบลช้างทอง,1,ส.ส. 5ทับ18.pdf
3e993a44a161f4ad8cf06a5bbf08935d,LA_district5_data_raw/อำเภอเฉลิมพระเกียรติ/ตำบลช้างทอง/หน่วยเลือกตั้งที่ 1/หน่วยเลือกตั้งที่ 2/ส.ส. 5ทับ18 (บช).pdf,normal,,อำเภอเฉลิมพระเกียรติ,ตำบลช้างทอง,1,ส.ส. 5ทับ18 (บช).pdf
ec0759dc2b8491d0acee5ca8cc45e3e0,LA_district5_data_raw/อำเภอเฉลิมพระเกียรติ/ตำบลช้างทอง/หน่วยเลือกตั้งที่ 1/หน่วยเลือกตั้งที่ 2/ส.ส. 5ทับ18.pdf,normal,,อำเภอเฉลิมพระเกียรติ,ตำบลช้างทอง,1,ส.ส. 5ทับ18.pdf
fe35775696adaaed16382d65d1363634,LA_district5_data_raw/อำเภอเฉลิมพระเกียรติ/ตำบลช้างทอง/หน่วยเลือกตั้งที่ 1/หน่วยเลือกตั้งที่ 2/อ.ส.4ทับ7.pdf,normal,,อำเภอเฉลิมพระเกียรติ,ตำบลช้างทอง,1,อ.ส.4ทับ7.pdf
5e993ffe3d9156fb37b41978f34a6639,LA_district5_data_raw/อำเภอเฉลิมพระเกียรติ/ตำบลช้างทอง/หน่วยเลือกตั้งที่ 1/อ.ส.4ทับ7.pdf,normal,,อำเภอเฉลิมพระเกียรติ,ตำบลช้างทอง,1,อ.ส.4ทับ7.pdf
fe6a3f76482d5c69d8a2eaee15429790,LA_district5_data_raw/อำเภอเฉลิมพระเกียรติ/ตำบลช้างทอง/หน่วยเลือกตั้งที่ 3/ส.ส. 5ทับ18.pdf,normal,,อำเภอเฉลิมพระเกียรติ,ตำบลช้างทอง,3,ส.ส. 5ทับ18.pdf
06262dd43963995e2e11c892735cb75e,LA_district5_data_raw/อำเภอเฉลิมพระเกียรติ/ตำบลช้างทอง/หน่วยเลือกตั้งที่ 3/ส.ส.5ทับ18 (บช).pdf,normal,,อำเภอเฉลิมพระเกียรติ,ตำบลช้างทอง,3,ส.ส.5ทับ18 (บช).pdf
a24282ecef7f6d10c8784e942ab6ea01,LA_district5_data_raw/อำเภอเฉลิมพระเกียรติ/ตำบลช้างทอง/หน่วยเลือกตั้งที่ 3/อ.ส.4ทับ7.pdf,normal,,อำเภอเฉลิมพระเกียรติ,ตำบลช้างทอง,3,อ.ส.4ทับ7.pdf
950bb198bbeb2e6ed05c37fb6e7adf16,LA_district5_data_raw/อำเภอเฉลิมพระเกียรติ/ตำบลช้างทอง/หน่วยเลือกตั้งที่ 4/ส.ส 5ทับ18 (บช).pdf,normal,,อำเภอเฉลิมพระเกียรติ,ตำบลช้างทอง,4,ส.ส 5ทับ18 (บช).pdf
7bff5ff29be5be3e8aeb09e82ea05a19,LA_district5_data_raw/อำเภอเฉลิมพระเกียรติ/ตำบลช้างทอง/หน่วยเลือกตั้งที่ 4/ส.ส. 5ทับ18.pdf,normal,,อำเภอเฉลิมพระเกียรติ,ตำบลช้างทอง,4,ส.ส. 5ทับ18.pdf
4cab812804204b0a38f4971765f50383,LA_district5_data_raw/อำเภอเฉลิมพระเกียรติ/ตำบลช้างทอง/หน่วยเลือกตั้งที่ 4/อ.ส.4ทับ7.pdf,normal,,อำเภอเฉลิมพระเกียรติ,ตำบลช้างทอง,4,อ.ส.4ทับ7.pdf
c96b2af078821f1e1329652f9f756abe,LA_district5_data_raw/อำเภอเฉลิมพระเกียรติ/ตำบลช้างทอง/หน่วยเลือกตั้งที่ 5/ส.ส 5ทับ18 (บช).pdf,normal,,อำเภอเฉลิมพระเกียรติ,ตำบลช้างทอง,5,ส.ส 5ทับ18 (บช).pdf
87ff2d06b19219cc0c34f947e817b8dd,LA_district5_data_raw/อำเภอเฉลิมพระเกียรติ/ตำบลช้างทอง/หน่วยเลือกตั้งที่ 5/ส.ส. 5ทับ18.pdf,normal,,อำเภอเฉลิมพระเกียรติ,ตำบลช้างทอง,5,ส.ส. 5ทับ18.pdf
24e450c63c0de7c0f7667aeb0c339c56,LA_district5_data_raw/อำเภอเฉลิมพระเกียรติ/ตำบลช้างทอง/หน่วยเลือกตั้งที่ 5/อ.ส.4ทับ7.pdf,normal,,อำเภอเฉลิมพระเกียรติ,ตำบลช้างทอง,5,อ.ส.4ทับ7.pdf
448285aed146a23ec0d83efee7410591,LA_district5_data_raw/อำเภอเฉลิมพระเกียรติ/ตำบลช้างทอง/หน่วยเลือกตั้งที่ 6/ส.ส 5ทับ18 (บช).pdf,normal,,อำเภอเฉลิมพระเกียรติ,ตำบลช้างทอง,6,ส.ส 5ทับ18 (บช).pdf
83c4a303885c825e6b8539e680fc49d1,LA_district5_data_raw/อำเภอเฉลิมพระเกียรติ/ตำบลช้างทอง/หน่วยเลือกตั้งที่ 6/ส.ส. 5ทับ18.pdf,normal,,อำเภอเฉลิมพระเกียรติ,ตำบลช้างทอง,6,ส.ส. 5ทับ18.pdf
df3267e89bafceb9e7c9ceabcae5b5ab,LA_district5_data_raw/อำเภอเฉลิมพระเกียรติ/ตำบลช้างทอง/หน่วยเลือกตั้งที่ 6/อ.ส.4ทับ7.pdf,normal,,อำเภอเฉลิมพระเกียรติ,ตำบลช้างทอง,6,อ.ส.4ทับ7.pdf
a21729ceecdbf522659ffc26be86d8e8,LA_district5_data_raw/อำเภอเฉลิมพระเกียรติ/ตำบลช้างทอง/หน่วยเลือกตั้งที่ 7/ส.ส 5ทับ18 (บช).pdf,normal,,อำเภอเฉลิมพระเกียรติ,ตำบลช้างทอง,7,ส.ส 5ทับ18 (บช).pdf
09838ee111d941651af62aca9abf8c08,LA_district5_data_raw/อำเภอเฉลิมพระเกียรติ/ตำบลช้างทอง/หน่วยเลือกตั้งที่ 7/ส.ส. 5ทับ18.pdf,normal,,อำเภอเฉลิมพระเกียรติ,ตำบลช้างทอง,7,ส.ส. 5ทับ18.pdf
c042c06daba87407d932764bbabfef47,LA_district5_data_raw/อำเภอเฉลิมพระเกียรติ/ตำบลช้างทอง/หน่วยเลือกตั้งที่ 7/อ.ส.4ทับ7.pdf,normal,,อำเภอเฉลิมพระเกียรติ,ตำบลช้างทอง,7,อ.ส.4ทับ7.pdf
b9d414b3ef1410cc4d0579190366c1bb,LA_district5_data_raw/อำเภอเฉลิมพระเกียรติ/ตำบลช้างทอง/หน่วยเลือกตั้งที่ 8/ส.ส 5ทับ18 (บช).pdf,normal,,อำเภอเฉลิมพระเกียรติ,ตำบลช้างทอง,8,ส.ส 5ทับ18 (บช).pdf
a2a037102a2b60fdc53a5ce444e7c4d9,LA_district5_data_raw/อำเภอเฉลิมพระเกียรติ/ตำบลช้างทอง/หน่วยเลือกตั้งที่ 8/ส.ส. 5ทับ18.pdf,normal,,อำเภอเฉลิมพระเกียรติ,ตำบลช้างทอง,8,ส.ส. 5ทับ18.pdf
207a267b53534923752aba6d160be0d9,LA_district5_data_raw/อำเภอเฉลิมพระเกียรติ/ตำบลช้างทอง/หน่วยเลือกตั้งที่ 8/อ.ส.4ทับ7.pdf,normal,,อำเภอเฉลิมพระเกียรติ,ตำบลช้างทอง,8,อ.ส.4ทับ7.pdf
5b207d9189b0bbb40bb7d638f4eb001a,LA_district5_data_raw/อำเภอเฉลิมพระเกียรติ/ตำบลท่าช้าง/หน่วยเลือกตั้งที่ 1/สส.5ทับ18(บช).pdf,normal,,อำเภอเฉลิมพระเกียรติ,ตำบลท่าช้าง,1,สส.5ทับ18(บช).pdf
b6edced297ee93512e4945cb84e963d6,LA_district5_data_raw/อำเภอเฉลิมพระเกียรติ/ตำบลท่าช้าง/หน่วยเลือกตั้งที่ 1/สส.5ทับ18.pdf,normal,,อำเภอเฉลิมพระเกียรติ,ตำบลท่าช้าง,1,สส.5ทับ18.pdf
d7173922b9e9102d50e63372899972a9,LA_district5_data_raw/อำเภอเฉลิมพระเกียรติ/ตำบลท่าช้าง/หน่วยเลือกตั้งที่ 1/อส.4ทับ7.pdf,normal,,อำเภอเฉลิมพระเกียรติ,ตำบลท่าช้าง,1,อส.4ทับ7.pdf
2cc2da5f04de874658147aa141569c6f,LA_district5_data_raw/อำเภอเฉลิมพระเกียรติ/ตำบลท่าช้าง/หน่วยเลือกตั้งที่ 2/สส.5ทับ18(บช).pdf,normal,,อำเภอเฉลิมพระเกียรติ,ตำบลท่าช้าง,2,สส.5ทับ18(บช).pdf
9cbf8f0a22fe1f4d373b0c63bb512264,LA_district5_data_raw/อำเภอเฉลิมพระเกียรติ/ตำบลท่าช้าง/หน่วยเลือกตั้งที่ 2/สส.5ทับ18.pdf,normal,,อำเภอเฉลิมพระเกียรติ,ตำบลท่าช้าง,2,สส.5ทับ18.pdf
170fe18acc74dac9693429c228a601d0,LA_district5_data_raw/อำเภอเฉลิมพระเกียรติ/ตำบลท่าช้าง/หน่วยเลือกตั้งที่ 2/อส.4ทับ7.pdf,normal,,อำเภอเฉลิมพระเกียรติ,ตำบลท่าช้าง,2,อส.4ทับ7.pdf
cac01894e3b04b8135a036520079f5e0,LA_district5_data_raw/อำเภอเฉลิมพระเกียรติ/ตำบลท่าช้าง/หน่วยเลือกตั้งที่ 3/สส.5ทับ18(บช).pdf,normal,,อำเภอเฉลิมพระเกียรติ,ตำบลท่าช้าง,3,สส.5ทับ18(บช).pdf
7fa3c81ed7f634f86fbd61c4ef7dc387,LA_district5_data_raw/อำเภอเฉลิมพระเกียรติ/ตำบลท่าช้าง/หน่วยเลือกตั้งที่ 3/สส.5ทับ18.pdf,normal,,อำเภอเฉลิมพระเกียรติ,ตำบลท่าช้าง,3,สส.5ทับ18.pdf
4fa3fe3c6fc9ea6ef96f8b0b0a24edf6,LA_district5_data_raw/อำเภอเฉลิมพระเกียรติ/ตำบลท่าช้าง/หน่วยเลือกตั้งที่ 3/อส.4ทับ7.pdf,normal,,อำเภอเฉลิมพระเกียรติ,ตำบลท่าช้าง,3,อส.4ทับ7.pdf
bb5a41b5dbb30109fa72f941f62db271,LA_district5_data_raw/อำเภอเฉลิมพระเกียรติ/ตำบลท่าช้าง/หน่วยเลือกตั้งที่ 4/สส.5ทับ18(บช).pdf,normal,,อำเภอเฉลิมพระเกียรติ,ตำบลท่าช้าง,4,สส.5ทับ18(บช).pdf
99849454a4889839e4478357abdf2cff,LA_district5_data_raw/อำเภอเฉลิมพระเกียรติ/ตำบลท่าช้าง/หน่วยเลือกตั้งที่ 4/สส.5ทับ18.pdf,normal,,อำเภอเฉลิมพระเกียรติ,ตำบลท่าช้าง,4,สส.5ทับ18.pdf
4e505016c219331a1717c3004af6a9f7,LA_district5_data_raw/อำเภอเฉลิมพระเกียรติ/ตำบลท่าช้าง/หน่วยเลือกตั้งที่ 4/อส.4ทับ7.pdf,normal,,อำเภอเฉลิมพระเกียรติ,ตำบลท่าช้าง,4,อส.4ทับ7.pdf
9154dc5f2d5e28982a6f42845f5bffdf,LA_district5_data_raw/อำเภอเฉลิมพระเกียรติ/ตำบลท่าช้าง/หน่วยเลือกตั้งที่ 5/สส.5ทับ18(บช).pdf,normal,,อำเภอเฉลิมพระเกียรติ,ตำบลท่าช้าง,5,สส.5ทับ18(บช).pdf
621650be07d7f7a7861cd2c995334ca1,LA_district5_data_raw/อำเภอเฉลิมพระเกียรติ/ตำบลท่าช้าง/หน่วยเลือกตั้งที่ 5/สส.5ทับ18.pdf,normal,,อำเภอเฉลิมพระเกียรติ,ตำบลท่าช้าง,5,สส.5ทับ18.pdf
13cc8b9886e334baf70369023b84000e,LA_district5_data_raw/อำเภอเฉลิมพระเกียรติ/ตำบลท่าช้าง/หน่วยเลือกตั้งที่ 5/อส.4ทับ7.pdf,normal,,อำเภอเฉลิมพระเกียรติ,ตำบลท่าช้าง,5,อส.4ทับ7.pdf
e003ac431a4241e97cc6e656e8d8bc88,LA_district5_data_raw/อำเภอเฉลิมพระเกียรติ/ตำบลท่าช้าง/หน่วยเลือกตั้งที่ 6/สส.5ทับ18(บช).pdf,normal,,อำเภอเฉลิมพระเกียรติ,ตำบลท่าช้าง,6,สส.5ทับ18(บช).pdf
1424a7fe85ab76e20aa8dafd9db82a5c,LA_district5_data_raw/อำเภอเฉลิมพระเกียรติ/ตำบลท่าช้าง/หน่วยเลือกตั้งที่ 6/สส.5ทับ18.pdf,normal,,อำเภอเฉลิมพระเกียรติ,ตำบลท่าช้าง,6,สส.5ทับ18.pdf
57cc4b3d709e85cc48f3b06664e869ab,LA_district5_data_raw/อำเภอเฉลิมพระเกียรติ/ตำบลท่าช้าง/หน่วยเลือกตั้งที่ 6/อส.4ทับ7.pdf,normal,,อำเภอเฉลิมพระเกียรติ,ตำบลท่าช้าง,6,อส.4ทับ7.pdf
d2a6c1c3d8c0e92d3a4abf611c12d76f,LA_district5_data_raw/อำเภอเฉลิมพระเกียรติ/ตำบลท่าช้าง/หน่วยเลือกตั้งที่ 7/สส.5ทับ18(บช).pdf,normal,,อำเภอเฉลิมพระเกียรติ,ตำบลท่าช้าง,7,สส.5ทับ18(บช).pdf
640872df2fd92b1cf8ee1a6c309d4dce,LA_district5_data_raw/อำเภอเฉลิมพระเกียรติ/ตำบลท่าช้าง/หน่วยเลือกตั้งที่ 7/สส.5ทับ18.pdf,normal,,อำเภอเฉลิมพระเกียรติ,ตำบลท่าช้าง,7,สส.5ทับ18.pdf
69b96030b2a794485b0302aac18fca3b,LA_district5_data_raw/อำเภอเฉลิมพระเกียรติ/ตำบลท่าช้าง/หน่วยเลือกตั้งที่ 7/อส.4ทับ7.pdf,normal,,อำเภอเฉลิมพระเกียรติ,ตำบลท่าช้าง,7,อส.4ทับ7.pdf
e19dc6d155deba3bd4af1814cd165f7f,LA_district5_data_raw/อำเภอเฉลิมพระเกียรติ/ตำบลท่าช้าง/หน่วยเลือกตั้งที่ 8/สส.5ทับ18(บช).pdf,normal,,อำเภอเฉลิมพระเกียรติ,ตำบลท่าช้าง,8,สส.5ทับ18(บช).pdf
4e4f51f2d7e17788bf418c70d9bc5a77,LA_district5_data_raw/อำเภอเฉลิมพระเกียรติ/ตำบลท่าช้าง/หน่วยเลือกตั้งที่ 8/สส.5ทับ18.pdf,normal,,อำเภอเฉลิมพระเกียรติ,ตำบลท่าช้าง,8,สส.5ทับ18.pdf
e9cf24609edb9d22204023e87a4d3ad2,LA_district5_data_raw/อำเภอเฉลิมพระเกียรติ/ตำบลท่าช้าง/หน่วยเลือกตั้งที่ 8/อส.4ทับ7.pdf,normal,,อำเภอเฉลิมพระเกียรติ,ตำบลท่าช้าง,8,อส.4ทับ7.pdf
e075f536783989dfbcd207050445d5bb,LA_district5_data_raw/อำเภอเฉลิมพระเกียรติ/เทศบาลตำบลท่าช้าง/หน่วยเลือกตั้งที่ 1/สส.5ทับ18(บช).pdf,normal,,อำเภอเฉลิมพระเกียรติ,,1,สส.5ทับ18(บช).pdf
04ff4e1cf1b94d7329ac4efa5fcdafca,LA_district5_data_raw/อำเภอเฉลิมพระเกียรติ/เทศบาลตำบลท่าช้าง/หน่วยเลือกตั้งที่ 1/สส.5ทับ18.pdf,normal,,อำเภอเฉลิมพระเกียรติ,,1,สส.5ทับ18.pdf
b4b463acf0901b9f64c71cd79bd1b85a,LA_district5_data_raw/อำเภอเฉลิมพระเกียรติ/เทศบาลตำบลท่าช้าง/หน่วยเลือกตั้งที่ 1/อส.4ทับ7.pdf,normal,,อำเภอเฉลิมพระเกียรติ,,1,อส.4ทับ7.pdf
5cdffd3996c9fa42843d85484efd2e55,LA_district5_data_raw/อำเภอเฉลิมพระเกียรติ/เทศบาลตำบลท่าช้าง/หน่วยเลือกตั้งที่ 2/สว5ทับ18(บช).pdf,normal,,อำเภอเฉลิมพระเกียรติ,,2,สว5ทับ18(บช).pdf
ae1cd5f26ab5fa18c1afe17609fed2b5,LA_district5_data_raw/อำเภอเฉลิมพระเกียรติ/เทศบาลตำบลท่าช้าง/หน่วยเลือกตั้งที่ 2/สส5ทับ18.pdf,normal,,อำเภอเฉลิมพระเกียรติ,,2,สส5ทับ18.pdf
5328d57cf0ed6c57a6fcf9123b42521c,LA_district5_data_raw/อำเภอเฉลิมพระเกียรติ/เทศบาลตำบลท่าช้าง/หน่วยเลือกตั้งที่ 2/อส.4ทับ7.pdf,normal,,อำเภอเฉลิมพระเกียรติ,,2,อส.4ทับ7.pdf
427895a8d3c185db8247f0a2b1b5883a,LA_district5_data_raw/อำเภอเฉลิมพระเกียรติ/เทศบาลตำบลท่าช้าง/หน่วยเลือกตั้งที่ 3/สส.5ทับ18.pdf,normal,,อำเภอเฉลิมพระเกียรติ,,3,สส.5ทับ18.pdf
c94fe2a37616d25a12bdb0e904a44fc6,LA_district5_data_raw/อำเภอเฉลิมพระเกียรติ/เทศบาลตำบลท่าช้าง/หน่วยเลือกตั้งที่ 3/สส5ทับ18(บช).pdf,normal,,อำเภอเฉลิมพระเกียรติ,,3,สส5ทับ18(บช).pdf
06e92471b6d0ea771e9236d3305a7532,LA_district5_data_raw/อำเภอเฉลิมพระเกียรติ/เทศบาลตำบลท่าช้าง/หน่วยเลือกตั้งที่ 3/อส.4ทับ7 .pdf,normal,,อำเภอเฉลิมพระเกียรติ,,3,อส.4ทับ7 .pdf
422e62148f1c533af1a7fe2ed83b7790,LA_district5_data_raw/อำเภอเฉลิมพระเกียรติ/เทศบาลตำบลท่าช้าง/หน่วยเลือกตั้งที่ 4/สส.5ทับ18(บช).pdf,normal,,อำเภอเฉลิมพระเกียรติ,,4,สส.5ทับ18(บช).pdf
d41b1297763af5b37c619fdef36efbaa,LA_district5_data_raw/อำเภอเฉลิมพระเกียรติ/เทศบาลตำบลท่าช้าง/หน่วยเลือกตั้งที่ 4/สส.5ทับ18.pdf,normal,,อำเภอเฉลิมพระเกียรติ,,4,สส.5ทับ18.pdf
7d5422ed047649a32ecc43080608b291,LA_district5_data_raw/อำเภอเฉลิมพระเกียรติ/เทศบาลตำบลท่าช้าง/หน่วยเลือกตั้งที่ 4/อส.4ทับ7.pdf,normal,,อำเภอเฉลิมพระเกียรติ,,4,อส.4ทับ7.pdf
a075fa2e5257cfc838d9a875a18dda41,LA_district5_data_raw/อำเภอเฉลิมพระเกียรติ/เทศบาลตำบลท่าช้าง/หน่วยเลือกตั้งที่ 5/สส 5ทับ18.pdf,normal,,อำเภอเฉลิมพระเกียรติ,,5,สส 5ทับ18.pdf
8897dee8f4f3c4311077992006d2c5ee,LA_district5_data_raw/อำเภอเฉลิมพระเกียรติ/เทศบาลตำบลท่าช้าง/หน่วยเลือกตั้งที่ 5/สส5ทับ18(บช).pdf,normal,,อำเภอเฉลิมพระเกียรติ,,5,สส5ทับ18(บช).pdf
2407a70113d2312f1d628a52258f058b,LA_district5_data_raw/อำเภอเฉลิมพระเกียรติ/เทศบาลตำบลท่าช้าง/หน่วยเลือกตั้งที่ 5/อส.4ทับ7.pdf,normal,,อำเภอเฉลิมพระเกียรติ,,5,อส.4ทับ7.pdf
8a4aeabb02e9e877936b1e40e2de678c,LA_district5_data_raw/อำเภอเฉลิมพระเกียรติ/เทศบาลตำบลท่าช้าง/หน่วยเลือกตั้งที่ 6/สส5ทับ18(บช).pdf,normal,,อำเภอเฉลิมพระเกียรติ,,6,สส5ทับ18(บช).pdf
280028d85423d08de01cece8fe2a7252,LA_district5_data_raw/อำเภอเฉลิมพระเกียรติ/เทศบาลตำบลท่าช้าง/หน่วยเลือกตั้งที่ 6/สส5ทับ18.pdf,normal,,อำเภอเฉลิมพระเกียรติ,,6,สส5ทับ18.pdf
0793784f53c16d65c757bed88f1f7626,LA_district5_data_raw/อำเภอเฉลิมพระเกียรติ/เทศบาลตำบลท่าช้าง/หน่วยเลือกตั้งที่ 6/อส4ทับ7.pdf,normal,,อำเภอเฉลิมพระเกียรติ,,6,อส4ทับ7.pdf
d97f23b29306b7911badd2316a8d2595,LA_district5_data_raw/อำเภอเฉลิมพระเกียรติ/เทศบาลตำบลท่าช้าง/หน่วยเลือกตั้งที่ 7/สส.5ทับ18.pdf,normal,,อำเภอเฉลิมพระเกียรติ,,7,สส.5ทับ18.pdf
334aac39ba974a33d8d5ef758e1efd9f,LA_district5_data_raw/อำเภอเฉลิมพระเกียรติ/เทศบาลตำบลท่าช้าง/หน่วยเลือกตั้งที่ 7/สส5ทับ18(บช).pdf,normal,,อำเภอเฉลิมพระเกียรติ,,7,สส5ทับ18(บช).pdf
5631e4e3012f53a63664ab113814bb39,LA_district5_data_raw/อำเภอเฉลิมพระเกียรติ/เทศบาลตำบลท่าช้าง/หน่วยเลือกตั้งที่ 7/อส.4ทับ7.pdf,normal,,อำเภอเฉลิมพระเกียรติ,,7,อส.4ทับ7.pdf
237715788c82c4eb8cb13b5acbcaca68,LA_district5_data_raw/อำเภอเฉลิมพระเกียรติ/เทศบาลตำบลท่าช้าง/หน่วยเลือกตั้งที่ 8/สส.5ทับ18(บช).pdf,normal,,อำเภอเฉลิมพระเกียรติ,,8,สส.5ทับ18(บช).pdf
d09a006ae73926e482783dc3c9121e05,LA_district5_data_raw/อำเภอเฉลิมพระเกียรติ/เทศบาลตำบลท่าช้าง/หน่วยเลือกตั้งที่ 8/สส.5ทับ18.pdf,normal,,อำเภอเฉลิมพระเกียรติ,,8,สส.5ทับ18.pdf
832adeadb728a121d498833722bfb25b,LA_district5_data_raw/อำเภอเฉลิมพระเกียรติ/เทศบาลตำบลท่าช้าง/หน่วยเลือกตั้งที่ 8/อส.4ทับ7.pdf,normal,,อำเภอเฉลิมพระเกียรติ,,8,อส.4ทับ7.pdf
99d5ae50d65ec6790bc58a6dfbcbbad9,LA_district5_data_raw/อำเภอโนนสูง/ตำบลขามเฒ่า/หน่วยเลือกตั้งที่ 1/ขามเฒ่า 1.pdf,normal,,อำเภอโนนสูง,ตำบลขามเฒ่า,1,ขามเฒ่า 1.pdf
a4f1455dd4c86817ae7c1b07fc0bbd44,LA_district5_data_raw/อำเภอโนนสูง/ตำบลขามเฒ่า/หน่วยเลือกตั้งที่ 10/ขามเฒ่า น.10.pdf,normal,,อำเภอโนนสูง,ตำบลขามเฒ่า,10,ขามเฒ่า น.10.pdf
105480986c2f76e4f498cc266ff3970e,LA_district5_data_raw/อำเภอโนนสูง/ตำบลขามเฒ่า/หน่วยเลือกตั้งที่ 11/ขามเฒ่า น.11.pdf,normal,,อำเภอโนนสูง,ตำบลขามเฒ่า,11,ขามเฒ่า น.11.pdf
8cb6286568de4c231db7fab3aad7c288,LA_district5_data_raw/อำเภอโนนสูง/ตำบลขามเฒ่า/หน่วยเลือกตั้งที่ 12/ขามเฒ่า น.12.pdf,normal,,อำเภอโนนสูง,ตำบลขามเฒ่า,12,ขามเฒ่า น.12.pdf
844f9c799f9ba748c3d49f981d7e6edb,LA_district5_data_raw/อำเภอโนนสูง/ตำบลขามเฒ่า/หน่วยเลือกตั้งที่ 13/ขามเฒ่า น.13.pdf,normal,,อำเภอโนนสูง,ตำบลขามเฒ่า,13,ขามเฒ่า น.13.pdf
1cd37fa4edbbaeb75dd50e502d334240,LA_district5_data_raw/อำเภอโนนสูง/ตำบลขามเฒ่า/หน่วยเลือกตั้งที่ 14/ขามเฒ่า น.14.pdf,normal,,อำเภอโนนสูง,ตำบลขามเฒ่า,14,ขามเฒ่า น.14.pdf
c288df822d2bacce9f6b2373cf2fc280,LA_district5_data_raw/อำเภอโนนสูง/ตำบลขามเฒ่า/หน่วยเลือกตั้งที่ 15/ขามเฒ่า น.15.pdf,normal,,อำเภอโนนสูง,ตำบลขามเฒ่า,15,ขามเฒ่า น.15.pdf
8afd7fb51796fcce8c385882c227b665,LA_district5_data_raw/อำเภอโนนสูง/ตำบลขามเฒ่า/หน่วยเลือกตั้งที่ 2/ขามเฒ่า น.2.pdf,normal,,อำเภอโนนสูง,ตำบลขามเฒ่า,2,ขามเฒ่า น.2.pdf
46870adde6ac01a0fb1a0390be208363,LA_district5_data_raw/อำเภอโนนสูง/ตำบลขามเฒ่า/หน่วยเลือกตั้งที่ 3/ขามเฒ่า น.3.pdf,normal,,อำเภอโนนสูง,ตำบลขามเฒ่า,3,ขามเฒ่า น.3.pdf
190d6d0f36efd27ad5d87ca33aa82497,LA_district5_data_raw/อำเภอโนนสูง/ตำบลขามเฒ่า/หน่วยเลือกตั้งที่ 4/ขามเฒ่า น.4.pdf,normal,,อำเภอโนนสูง,ตำบลขามเฒ่า,4,ขามเฒ่า น.4.pdf
6a5ecbc01fee18c6d9e449290332c94f,LA_district5_data_raw/อำเภอโนนสูง/ตำบลขามเฒ่า/หน่วยเลือกตั้งที่ 5/ขามเฒ่า น.5.pdf,normal,,อำเภอโนนสูง,ตำบลขามเฒ่า,5,ขามเฒ่า น.5.pdf
2d569ecf13128288424898f22f961c15,LA_district5_data_raw/อำเภอโนนสูง/ตำบลขามเฒ่า/หน่วยเลือกตั้งที่ 6/ขามเฒ่า น.6.pdf,normal,,อำเภอโนนสูง,ตำบลขามเฒ่า,6,ขามเฒ่า น.6.pdf
b945c005f3486e1d5ffe981688e8afb5,LA_district5_data_raw/อำเภอโนนสูง/ตำบลขามเฒ่า/หน่วยเลือกตั้งที่ 7/ขามเฒ่า น.7.pdf,normal,,อำเภอโนนสูง,ตำบลขามเฒ่า,7,ขามเฒ่า น.7.pdf
09fbb089005c42a1bfe78d587907f832,LA_district5_data_raw/อำเภอโนนสูง/ตำบลขามเฒ่า/หน่วยเลือกตั้งที่ 8/ขามเฒ่า น.8.pdf,normal,,อำเภอโนนสูง,ตำบลขามเฒ่า,8,ขามเฒ่า น.8.pdf
67c7f449bb3c1e170f595deb775f3b49,LA_district5_data_raw/อำเภอโนนสูง/ตำบลขามเฒ่า/หน่วยเลือกตั้งที่ 9/ขามเฒ่า น.10.pdf,normal,,อำเภอโนนสูง,ตำบลขามเฒ่า,9,ขามเฒ่า น.10.pdf
d0c40a8760d0e9efa01942dbbc16aec0,LA_district5_data_raw/อำเภอโนนสูง/ตำบลขามเฒ่า/หน่วยเลือกตั้งที่ 9/ขามเฒ่า น.9.pdf,normal,,อำเภอโนนสูง,ตำบลขามเฒ่า,9,ขามเฒ่า น.9.pdf
bf44eb09962c6101ecf7cafa2e3f93c0,LA_district5_data_raw/อำเภอโนนสูง/ตำบลจันอัด/หน่วยเลือกตั้งที่ 1/หน่วยที่ 1 ตำบลจันอัด.pdf,normal,,อำเภอโนนสูง,ตำบลจันอัด,1,หน่วยที่ 1 ตำบลจันอัด.pdf
69cdb0545163a46fd42e5914500853bb,LA_district5_data_raw/อำเภอโนนสูง/ตำบลจันอัด/หน่วยเลือกตั้งที่ 2/หน่วยที่ 2 ตำบลจันอัด.pdf,normal,,อำเภอโนนสูง,ตำบลจันอัด,2,หน่วยที่ 2 ตำบลจันอัด.pdf
42f3ac085363984bb79419b961fb288c,LA_district5_data_raw/อำเภอโนนสูง/ตำบลจันอัด/หน่วยเลือกตั้งที่ 3/หน่วยที่ 3 ตำบลจันอัด.pdf,normal,,อำเภอโนนสูง,ตำบลจันอัด,3,หน่วยที่ 3 ตำบลจันอัด.pdf
a7531627982bc92e4137f34f3e6aeb8c,LA_district5_data_raw/อำเภอโนนสูง/ตำบลจันอัด/หน่วยเลือกตั้งที่ 4/หน่วยที่ 4 ตำบลจันอัด.pdf,normal,,อำเภอโนนสูง,ตำบลจันอัด,4,หน่วยที่ 4 ตำบลจันอัด.pdf
8c13a16b3d51b2494162f3ac04926029,LA_district5_data_raw/อำเภอโนนสูง/ตำบลจันอัด/หน่วยเลือกตั้งที่ 5/หน่วยที่ 5 ตำบลจันอัด.pdf,normal,,อำเภอโนนสูง,ตำบลจันอัด,5,หน่วยที่ 5 ตำบลจันอัด.pdf
84c9a76330180bd61b4bcef721a2eac2,LA_district5_data_raw/อำเภอโนนสูง/ตำบลจันอัด/หน่วยเลือกตั้งที่ 6/หน่วยที่ 6 ตำบลจันอัด.pdf,normal,,อำเภอโนนสูง,ตำบลจันอัด,6,หน่วยที่ 6 ตำบลจันอัด.pdf
2cee8c7723126fc0e303dd594987ae11,LA_district5_data_raw/อำเภอโนนสูง/ตำบลจันอัด/หน่วยเลือกตั้งที่ 7/หน่วยที่ 7 ตำบลจันอัด.pdf,normal,,อำเภอโนนสูง,ตำบลจันอัด,7,หน่วยที่ 7 ตำบลจันอัด.pdf
f6f0beae30ec4363ceb2940bd1acaad6,LA_district5_data_raw/อำเภอโนนสูง/ตำบลจันอัด/หน่วยเลือกตั้งที่ 8/หน่วยที่ 8 ตำบลจันอัด.pdf,normal,,อำเภอโนนสูง,ตำบลจันอัด,8,หน่วยที่ 8 ตำบลจันอัด.pdf
5af4ffc722a633a185184a9201c4f81d,LA_district5_data_raw/อำเภอโนนสูง/ตำบลดอนชมพู/หน่วยเลือกตั้งที่ 1/ดอนชมพู น.1.pdf,normal,,อำเภอโนนสูง,ตำบลดอนชมพู,1,ดอนชมพู น.1.pdf
6888d75039950dcd1d2311e3c4d33212,LA_district5_data_raw/อำเภอโนนสูง/ตำบลดอนชมพู/หน่วยเลือกตั้งที่ 10/ดอนชมพู น.10.pdf,normal,,อำเภอโนนสูง,ตำบลดอนชมพู,10,ดอนชมพู น.10.pdf
dc33feab0951277c3b21975359099222,LA_district5_data_raw/อำเภอโนนสูง/ตำบลดอนชมพู/หน่วยเลือกตั้งที่ 11/ดอนชมพู น.11.pdf,normal,,อำเภอโนนสูง,ตำบลดอนชมพู,11,ดอนชมพู น.11.pdf
8de47d8ccc83fe1eb8a50baa1a80a259,LA_district5_data_raw/อำเภอโนนสูง/ตำบลดอนชมพู/หน่วยเลือกตั้งที่ 12/ดอนชมพู น.12.pdf,normal,,อำเภอโนนสูง,ตำบลดอนชมพู,12,ดอนชมพู น.12.pdf
dd9ebe9093b98fdfd47d41e2f8c28d3f,LA_district5_data_raw/อำเภอโนนสูง/ตำบลดอนชมพู/หน่วยเลือกตั้งที่ 13/ดอนชมพู น.13.pdf,normal,,อำเภอโนนสูง,ตำบลดอนชมพู,13,ดอนชมพู น.13.pdf
8fb961031f901b383ea558d08051cfa6,LA_district5_data_raw/อำเภอโนนสูง/ตำบลดอนชมพู/หน่วยเลือกตั้งที่ 2/ดอนชมพู น.2.pdf,normal,,อำเภอโนนสูง,ตำบลดอนชมพู,2,ดอนชมพู น.2.pdf
9ffa0639ec556f0b111a90c19bfd1f71,LA_district5_data_raw/อำเภอโนนสูง/ตำบลดอนชมพู/หน่วยเลือกตั้งที่ 3/ดอนชมพู น.3.pdf,normal,,อำเภอโนนสูง,ตำบลดอนชมพู,3,ดอนชมพู น.3.pdf
e840c3a257d45ea2c942c1e76eb6d351,LA_district5_data_raw/อำเภอโนนสูง/ตำบลดอนชมพู/หน่วยเลือกตั้งที่ 4/ดอนมพู น.4.pdf,normal,,อำเภอโนนสูง,ตำบลดอนชมพู,4,ดอนมพู น.4.pdf
f20b483ba73ef034ca20fa1e9acbf080,LA_district5_data_raw/อำเภอโนนสูง/ตำบลดอนชมพู/หน่วยเลือกตั้งที่ 5/ดอนชมพู น.5.pdf,normal,,อำเภอโนนสูง,ตำบลดอนชมพู,5,ดอนชมพู น.5.pdf
25aa62daeb3117304066272464179915,LA_district5_data_raw/อำเภอโนนสูง/ตำบลดอนชมพู/หน่วยเลือกตั้งที่ 6/ดอนชมพู 6.pdf,normal,,อำเภอโนนสูง,ตำบลดอนชมพู,6,ดอนชมพู 6.pdf
d55ea8393ea201ff03e4c63c4e8c5116,LA_district5_data_raw/อำเภอโนนสูง/ตำบลดอนชมพู/หน่วยเลือกตั้งที่ 7/ดอนชมพู น.7.pdf,normal,,อำเภอโนนสูง,ตำบลดอนชมพู,7,ดอนชมพู น.7.pdf
9d91fa2934ad42f8f6803908e4703bbc,LA_district5_data_raw/อำเภอโนนสูง/ตำบลดอนชมพู/หน่วยเลือกตั้งที่ 8/ดอนชมพู น.8.pdf,normal,,อำเภอโนนสูง,ตำบลดอนชมพู,8,ดอนชมพู น.8.pdf
e53a7fd9b541fff8f0e6d3d0cc60fbd7,LA_district5_data_raw/อำเภอโนนสูง/ตำบลดอนชมพู/หน่วยเลือกตั้งที่ 9/ดอนชมพู น.9.pdf,normal,,อำเภอโนนสูง,ตำบลดอนชมพู,9,ดอนชมพู น.9.pdf
c50b8c7b1fb84ec3656aaee99b1a930b,LA_district5_data_raw/อำเภอโนนสูง/ตำบลธารปราสาท/หน่วยเลือกตั้งที่ 1/ธารปราสาท น.1.pdf,normal,,อำเภอโนนสูง,ตำบลธารปราสาท,1,ธารปราสาท น.1.pdf
23312792843a819123d59e0984dd9110,"LA_district5_data_raw/อำเภอโนนสูง/ตำบลธารปราสาท/หน่วยเลือกตั้งที่ 10/ตำบลธารปราสาท หน่วยที่ 10 หมู่ที่ 1,12,15.pdf",normal,,อำเภอโนนสูง,ตำบลธารปราสาท,10,"ตำบลธารปราสาท หน่วยที่ 10 หมู่ที่ 1,12,15.pdf"
d415e57038146acba223b6b4a2c11b8d,LA_district5_data_raw/อำเภอโนนสูง/ตำบลธารปราสาท/หน่วยเลือกตั้งที่ 11/ตำบลธารปราสาท หน่วยที่ 11 หมู่ที่ 13.pdf,normal,,อำเภอโนนสูง,ตำบลธารปราสาท,11,ตำบลธารปราสาท หน่วยที่ 11 หมู่ที่ 13.pdf
81e4317cf1301ffc0037476386b8e202,LA_district5_data_raw/อำเภอโนนสูง/ตำบลธารปราสาท/หน่วยเลือกตั้งที่ 12/ตำบลธารปราสาท หน่วยที่ 12 หมู่ที่ 14.pdf,normal,,อำเภอโนนสูง,ตำบลธารปราสาท,12,ตำบลธารปราสาท หน่วยที่ 12 หมู่ที่ 14.pdf
e3eeca177743e4c1706592a14bb93e88,LA_district5_data_raw/อำเภอโนนสูง/ตำบลธารปราสาท/หน่วยเลือกตั้งที่ 13/ตำบลธารปราสาท หน่วยที่ 13 หมู่ที่ 16.pdf,normal,,อำเภอโนนสูง,ตำบลธารปราสาท,13,ตำบลธารปราสาท หน่วยที่ 13 หมู่ที่ 16.pdf
b4f0c41ffd4ef8c6ad6ab073306ca00c,LA_district5_data_raw/อำเภอโนนสูง/ตำบลธารปราสาท/หน่วยเลือกตั้งที่ 14/ตำบลธารปราสาท หน่วยที่ 14 หมู่ที่ 17.pdf,normal,,อำเภอโนนสูง,ตำบลธารปราสาท,14,ตำบลธารปราสาท หน่วยที่ 14 หมู่ที่ 17.pdf
4ada832d1368f2fef6f877246272581b,LA_district5_data_raw/อำเภอโนนสูง/ตำบลธารปราสาท/หน่วยเลือกตั้งที่ 15/ตำบลธารปราสาท หน่วยที่ 15 หมู่ที่ 19.pdf,normal,,อำเภอโนนสูง,ตำบลธารปราสาท,15,ตำบลธารปราสาท หน่วยที่ 15 หมู่ที่ 19.pdf
b0ccc210dd78184b74aa964a49e818cc,LA_district5_data_raw/อำเภอโนนสูง/ตำบลธารปราสาท/หน่วยเลือกตั้งที่ 2/ตำบลธารปราสาท หน่วยที่ 2 หมู่ที่ 4.pdf,normal,,อำเภอโนนสูง,ตำบลธารปราสาท,2,ตำบลธารปราสาท หน่วยที่ 2 หมู่ที่ 4.pdf
c4e1d5ccbccf988118f3dc99b53ed4e7,LA_district5_data_raw/อำเภอโนนสูง/ตำบลธารปราสาท/หน่วยเลือกตั้งที่ 3/ตำบลธารปราสาท หน่วยที่ 3 หมู่ที่5.pdf,normal,,อำเภอโนนสูง,ตำบลธารปราสาท,3,ตำบลธารปราสาท หน่วยที่ 3 หมู่ที่5.pdf
3595143bd10fbfe0f372ba1e193f2528,"LA_district5_data_raw/อำเภอโนนสูง/ตำบลธารปราสาท/หน่วยเลือกตั้งที่ 4/ตำบลธารปราสาท หน่วยที่ 4 หมู่ที่6,8.pdf",normal,,อำเภอโนนสูง,ตำบลธารปราสาท,4,"ตำบลธารปราสาท หน่วยที่ 4 หมู่ที่6,8.pdf"
5821db70132f15cecc2384d634f608f1,LA_district5_data_raw/อำเภอโนนสูง/ตำบลธารปราสาท/หน่วยเลือกตั้งที่ 5/ตำบลธารปราสาท หน่วยที่ 5 หมู่ที่ 7.pdf,normal,,อำเภอโนนสูง,ตำบลธารปราสาท,5,ตำบลธารปราสาท หน่วยที่ 5 หมู่ที่ 7.pdf
20298fcae0682f278fa4d66a287dd1dd,LA_district5_data_raw/อำเภอโนนสูง/ตำบลธารปราสาท/หน่วยเลือกตั้งที่ 6/ตำบลธารปราสาท หน่วยที่6 หมู่ที่ 12.pdf,normal,,อำเภอโนนสูง,ตำบลธารปราสาท,6,ตำบลธารปราสาท หน่วยที่6 หมู่ที่ 12.pdf
fa5e215a3064c2e538c66e1c78e2f5a8,LA_district5_data_raw/อำเภอโนนสูง/ตำบลธารปราสาท/หน่วยเลือกตั้งที่ 7/ตำบลธารปราสาท หน่วยที่ 7 หมู่ที่ 9.pdf,normal,,อำเภอโนนสูง,ตำบลธารปราสาท,7,ตำบลธารปราสาท หน่วยที่ 7 หมู่ที่ 9.pdf
b7470c7c65929282046d25b5216030cb,LA_district5_data_raw/อำเภอโนนสูง/ตำบลธารปราสาท/หน่วยเลือกตั้งที่ 8/ตำบลธารปราสาท หน่วยที่ 8 หมู่ที่ 10.pdf,normal,,อำเภอโนนสูง,ตำบลธารปราสาท,8,ตำบลธารปราสาท หน่วยที่ 8 หมู่ที่ 10.pdf
fa166bd9af86ca2e446a80484b1d68d1,LA_district5_data_raw/อำเภอโนนสูง/ตำบลธารปราสาท/หน่วยเลือกตั้งที่ 9/ตำบลธารปราสาท หน่วยที่ 9 หมู่ที่ 11.pdf,normal,,อำเภอโนนสูง,ตำบลธารปราสาท,9,ตำบลธารปราสาท หน่วยที่ 9 หมู่ที่ 11.pdf
db45f7440bea30f423cb86b529a69d7c,LA_district5_data_raw/อำเภอโนนสูง/ตำบลบิง/หน่วยเลือกตั้งที่ 1/บิง น.1.pdf,normal,,อำเภอโนนสูง,ตำบลบิง,1,บิง น.1.pdf
70c1007c6395361fbf937b2cf6e98c78,LA_district5_data_raw/อำเภอโนนสูง/ตำบลบิง/หน่วยเลือกตั้งที่ 10/บิง น.10.pdf,normal,,อำเภอโนนสูง,ตำบลบิง,10,บิง น.10.pdf
286e424890f71330b00d95800bd1d6ce,LA_district5_data_raw/อำเภอโนนสูง/ตำบลบิง/หน่วยเลือกตั้งที่ 11/บิง น.11.pdf,normal,,อำเภอโนนสูง,ตำบลบิง,11,บิง น.11.pdf
f927242ce72c03ccf430f886837200a5,LA_district5_data_raw/อำเภอโนนสูง/ตำบลบิง/หน่วยเลือกตั้งที่ 12/บิง น.12.pdf,normal,,อำเภอโนนสูง,ตำบลบิง,12,บิง น.12.pdf
b3884e0038ccc8f44689ddd607753428,LA_district5_data_raw/อำเภอโนนสูง/ตำบลบิง/หน่วยเลือกตั้งที่ 2/บิง น.2.pdf,normal,,อำเภอโนนสูง,ตำบลบิง,2,บิง น.2.pdf
6d86dc21c3c5a98db4072da7b7670695,LA_district5_data_raw/อำเภอโนนสูง/ตำบลบิง/หน่วยเลือกตั้งที่ 3/บิง น.3.pdf,normal,,อำเภอโนนสูง,ตำบลบิง,3,บิง น.3.pdf
62c281f9f300de1d165c3e8ce9ac801e,LA_district5_data_raw/อำเภอโนนสูง/ตำบลบิง/หน่วยเลือกตั้งที่ 4/บิง น.4.pdf,normal,,อำเภอโนนสูง,ตำบลบิง,4,บิง น.4.pdf
28d48750cfcee755760f22a1fde8cece,LA_district5_data_raw/อำเภอโนนสูง/ตำบลบิง/หน่วยเลือกตั้งที่ 5/บิง น.5.pdf,normal,,อำเภอโนนสูง,ตำบลบิง,5,บิง น.5.pdf
29d29923896aed90aa0b5bc4d447ad89,LA_district5_data_raw/อำเภอโนนสูง/ตำบลบิง/หน่วยเลือกตั้งที่ 6/บิง น.6.pdf,normal,,อำเภอโนนสูง,ตำบลบิง,6,บิง น.6.pdf
33eeb061ecc9062a3ba9664b6d33b3b7,LA_district5_data_raw/อำเภอโนนสูง/ตำบลบิง/หน่วยเลือกตั้งที่ 7/บิง น.7.pdf,normal,,อำเภอโนนสูง,ตำบลบิง,7,บิง น.7.pdf
42ffe15a76c5f40554214e62b5da7c46,LA_district5_data_raw/อำเภอโนนสูง/ตำบลบิง/หน่วยเลือกตั้งที่ 8/บิง น.9.pdf,normal,,อำเภอโนนสูง,ตำบลบิง,8,บิง น.9.pdf
cbf7e276dd0e5fbd2e09ba3814cecd57,LA_district5_data_raw/อำเภอโนนสูง/ตำบลพลสงคราม/หน่วยเลือกตั้งที่ 1/พลสงคราม น.1 10-2-69 09.59.pdf,normal,,อำเภอโนนสูง,ตำบลพลสงคราม,1,พลสงคราม น.1 10-2-69 09.59.pdf
a453632e987610d7d1b92156b6f78f87,LA_district5_data_raw/อำเภอโนนสูง/ตำบลพลสงคราม/หน่วยเลือกตั้งที่ 10/พลสงคราม น.10 10-2-69 10.22.pdf,normal,,อำเภอโนนสูง,ตำบลพลสงคราม,10,พลสงคราม น.10 10-2-69 10.22.pdf
dcc8a209f4b9a09a0f98b31bfd81aa89,LA_district5_data_raw/อำเภอโนนสูง/ตำบลพลสงคราม/หน่วยเลือกตั้งที่ 11/พลสงคราม น.11 10-2-69 10.29.pdf,normal,,อำเภอโนนสูง,ตำบลพลสงคราม,11,พลสงคราม น.11 10-2-69 10.29.pdf
6f004fa71b79c953b5ff86ec38b1231a,LA_district5_data_raw/อำเภอโนนสูง/ตำบลพลสงคราม/หน่วยเลือกตั้งที่ 12/พลสงคราม น.12 10-2-69 10.31.pdf,normal,,อำเภอโนนสูง,ตำบลพลสงคราม,12,พลสงคราม น.12 10-2-69 10.31.pdf
2834b02020982d69837830d32705f4c8,LA_district5_data_raw/อำเภอโนนสูง/ตำบลพลสงคราม/หน่วยเลือกตั้งที่ 13/พลสงคราม น.13 10-2-69 10.33.pdf,normal,,อำเภอโนนสูง,ตำบลพลสงคราม,13,พลสงคราม น.13 10-2-69 10.33.pdf
09b0344a1a9bcccef171c4bc67a225e2,LA_district5_data_raw/อำเภอโนนสูง/ตำบลพลสงคราม/หน่วยเลือกตั้งที่ 14/พลสงคราม น.14 10-2-69 10.41.pdf,normal,,อำเภอโนนสูง,ตำบลพลสงคราม,14,พลสงคราม น.14 10-2-69 10.41.pdf
a2d4bf2cef212c9c7b5eb03d52e22489,LA_district5_data_raw/อำเภอโนนสูง/ตำบลพลสงคราม/หน่วยเลือกตั้งที่ 15/พลสงคราม น.15 10-2-69 10.43.pdf,normal,,อำเภอโนนสูง,ตำบลพลสงคราม,15,พลสงคราม น.15 10-2-69 10.43.pdf
25439ce282cada8af41e7524b769784b,LA_district5_data_raw/อำเภอโนนสูง/ตำบลพลสงคราม/หน่วยเลือกตั้งที่ 2/พลสงคราม น.2 10-2-69 10.02.pdf,normal,,อำเภอโนนสูง,ตำบลพลสงคราม,2,พลสงคราม น.2 10-2-69 10.02.pdf
4213f8122674c1e5556619cad3858ccd,LA_district5_data_raw/อำเภอโนนสูง/ตำบลพลสงคราม/หน่วยเลือกตั้งที่ 3/พลสงคราม น.3 10-2-69 10.06.pdf,normal,,อำเภอโนนสูง,ตำบลพลสงคราม,3,พลสงคราม น.3 10-2-69 10.06.pdf
88ba8414b9e7cca61e32be91a39b9414,LA_district5_data_raw/อำเภอโนนสูง/ตำบลพลสงคราม/หน่วยเลือกตั้งที่ 4/พลสงคราม น.4 10-2-69 10.07.pdf,normal,,อำเภอโนนสูง,ตำบลพลสงคราม,4,พลสงคราม น.4 10-2-69 10.07.pdf
b14123d12dd8a1f3c12574dafc0a9ef3,LA_district5_data_raw/อำเภอโนนสูง/ตำบลพลสงคราม/หน่วยเลือกตั้งที่ 5/พลสงคราม น.5 10-2-69 10.09.pdf,normal,,อำเภอโนนสูง,ตำบลพลสงคราม,5,พลสงคราม น.5 10-2-69 10.09.pdf
6f33020230a599a2d11c14afb5a35e4f,LA_district5_data_raw/อำเภอโนนสูง/ตำบลพลสงคราม/หน่วยเลือกตั้งที่ 6/พลสงคราม น.6 10-2-69 10.12.pdf,normal,,อำเภอโนนสูง,ตำบลพลสงคราม,6,พลสงคราม น.6 10-2-69 10.12.pdf
8bd67780ff7c70fd904b4db10798fbd7,LA_district5_data_raw/อำเภอโนนสูง/ตำบลพลสงคราม/หน่วยเลือกตั้งที่ 7/พลสงคราม น.7 10-2-69 10.14.pdf,normal,,อำเภอโนนสูง,ตำบลพลสงคราม,7,พลสงคราม น.7 10-2-69 10.14.pdf
a63be73de042ca20062ad7facbb2be1a,LA_district5_data_raw/อำเภอโนนสูง/ตำบลพลสงคราม/หน่วยเลือกตั้งที่ 8/พลสงคราม น.8 10-2-69 10.16.pdf,normal,,อำเภอโนนสูง,ตำบลพลสงคราม,8,พลสงคราม น.8 10-2-69 10.16.pdf
138c5ce25c670ea2f3d1b1657a63de58,LA_district5_data_raw/อำเภอโนนสูง/ตำบลพลสงคราม/หน่วยเลือกตั้งที่ 9/พลสงคราม น.9 10-2-69 10.18.pdf,normal,,อำเภอโนนสูง,ตำบลพลสงคราม,9,พลสงคราม น.9 10-2-69 10.18.pdf
4523cae4e945fd8b4ee04602fe922c56,LA_district5_data_raw/อำเภอโนนสูง/ตำบลมะค่า/หน่วยเลือกตั้งที่ 1/มะค่า น.1.pdf,normal,,อำเภอโนนสูง,ตำบลมะค่า,1,มะค่า น.1.pdf
73cbf627c97ede1efc8362913c91fd98,LA_district5_data_raw/อำเภอโนนสูง/ตำบลมะค่า/หน่วยเลือกตั้งที่ 10/มะค่า น.10.pdf,normal,,อำเภอโนนสูง,ตำบลมะค่า,10,มะค่า น.10.pdf
de4df5580e70b5de3a5f3b1ff0374d0f,LA_district5_data_raw/อำเภอโนนสูง/ตำบลมะค่า/หน่วยเลือกตั้งที่ 11/มะค่า น.11.pdf,normal,,อำเภอโนนสูง,ตำบลมะค่า,11,มะค่า น.11.pdf
aa1a5d10d84d43284db0988da6c7c97d,LA_district5_data_raw/อำเภอโนนสูง/ตำบลมะค่า/หน่วยเลือกตั้งที่ 12/มะค่า น.12.pdf,normal,,อำเภอโนนสูง,ตำบลมะค่า,12,มะค่า น.12.pdf
bbe8a5ee7c5c8e19f66127e6d6a0182d,LA_district5_data_raw/อำเภอโนนสูง/ตำบลมะค่า/หน่วยเลือกตั้งที่ 13/มะค่า น.13.pdf,normal,,อำเภอโนนสูง,ตำบลมะค่า,13,มะค่า น.13.pdf
41779a3e1280ef74347917db7d60e61d,LA_district5_data_raw/อำเภอโนนสูง/ตำบลมะค่า/หน่วยเลือกตั้งที่ 14/มะค่า น.14.pdf,normal,,อำเภอโนนสูง,ตำบลมะค่า,14,มะค่า น.14.pdf
82462b1cc2ec709b7634fc3eaed1803e,LA_district5_data_raw/อำเภอโนนสูง/ตำบลมะค่า/หน่วยเลือกตั้งที่ 15/มะค่า น.15.pdf,normal,,อำเภอโนนสูง,ตำบลมะค่า,15,มะค่า น.15.pdf
f6a0fb7a2121e7dd73e904fd58c4ce89,LA_district5_data_raw/อำเภอโนนสูง/ตำบลมะค่า/หน่วยเลือกตั้งที่ 16/มะค่า น.16.pdf,normal,,อำเภอโนนสูง,ตำบลมะค่า,16,มะค่า น.16.pdf
d696d93cc9604989dfe795ba4021e1c3,LA_district5_data_raw/อำเภอโนนสูง/ตำบลมะค่า/หน่วยเลือกตั้งที่ 2/มะค่า น.2.pdf,normal,,อำเภอโนนสูง,ตำบลมะค่า,2,มะค่า น.2.pdf
d35798420350c435f6bd9a82f32f3006,LA_district5_data_raw/อำเภอโนนสูง/ตำบลมะค่า/หน่วยเลือกตั้งที่ 3/มะค่า น.3.pdf,normal,,อำเภอโนนสูง,ตำบลมะค่า,3,มะค่า น.3.pdf
d517d2fff2d06c8636c55754f538c67c,LA_district5_data_raw/อำเภอโนนสูง/ตำบลมะค่า/หน่วยเลือกตั้งที่ 4/มะค่า น.4.pdf,normal,,อำเภอโนนสูง,ตำบลมะค่า,4,มะค่า น.4.pdf
be0cd8ef6a18e3630b892f00f98a92f4,LA_district5_data_raw/อำเภอโนนสูง/ตำบลมะค่า/หน่วยเลือกตั้งที่ 5/มะค่า น.5.pdf,normal,,อำเภอโนนสูง,ตำบลมะค่า,5,มะค่า น.5.pdf
83568d0627acdb9c4d7961e57fec246d,LA_district5_data_raw/อำเภอโนนสูง/ตำบลมะค่า/หน่วยเลือกตั้งที่ 6/มะค่า น.6.pdf,normal,,อำเภอโนนสูง,ตำบลมะค่า,6,มะค่า น.6.pdf
46a6443f23bf547655d46c931dc01dae,LA_district5_data_raw/อำเภอโนนสูง/ตำบลมะค่า/หน่วยเลือกตั้งที่ 7/มะค่า น.7.pdf,normal,,อำเภอโนนสูง,ตำบลมะค่า,7,มะค่า น.7.pdf
e9a610d14e43169965c79aa14bbc9bb9,LA_district5_data_raw/อำเภอโนนสูง/ตำบลมะค่า/หน่วยเลือกตั้งที่ 8/มะค่า น.8.pdf,normal,,อำเภอโนนสูง,ตำบลมะค่า,8,มะค่า น.8.pdf
3290ade69d1e0bf346f1c44abe2fa03d,LA_district5_data_raw/อำเภอโนนสูง/ตำบลมะค่า/หน่วยเลือกตั้งที่ 9/มะค่า น.9.pdf,normal,,อำเภอโนนสูง,ตำบลมะค่า,9,มะค่า น.9.pdf
1c8ba052964145649d3fde915d69e1f3,LA_district5_data_raw/อำเภอโนนสูง/ตำบลลำคอหงษ์/หน่วยเลือกตั้งที่ 1/ลำคอหงษ์ น.1.pdf,normal,,อำเภอโนนสูง,ตำบลลำคอหงษ์,1,ลำคอหงษ์ น.1.pdf
2be8d00c980cc4f48a4a7ccaf041dcdc,LA_district5_data_raw/อำเภอโนนสูง/ตำบลลำคอหงษ์/หน่วยเลือกตั้งที่ 10/ลำคอหงษ์ น.10.pdf,normal,,อำเภอโนนสูง,ตำบลลำคอหงษ์,10,ลำคอหงษ์ น.10.pdf
914e7f67ed3ac040594e3528ca03a2dd,LA_district5_data_raw/อำเภอโนนสูง/ตำบลลำคอหงษ์/หน่วยเลือกตั้งที่ 11/ลำคอหงษ์ น.11.pdf,normal,,อำเภอโนนสูง,ตำบลลำคอหงษ์,11,ลำคอหงษ์ น.11.pdf
e5b54c7dcf3ce1adaea35844beea48de,LA_district5_data_raw/อำเภอโนนสูง/ตำบลลำคอหงษ์/หน่วยเลือกตั้งที่ 12/ลำคอหงษ์ น.12.pdf,normal,,อำเภอโนนสูง,ตำบลลำคอหงษ์,12,ลำคอหงษ์ น.12.pdf
253e38f07e33e0b09f3b6e390395bf2f,LA_district5_data_raw/อำเภอโนนสูง/ตำบลลำคอหงษ์/หน่วยเลือกตั้งที่ 2/ลำคอหงษ์ น.2.pdf,normal,,อำเภอโนนสูง,ตำบลลำคอหงษ์,2,ลำคอหงษ์ น.2.pdf
a96dc3cc31eec005db4487c9243f3ca6,LA_district5_data_raw/อำเภอโนนสูง/ตำบลลำคอหงษ์/หน่วยเลือกตั้งที่ 3/ลำคอหงษ์ น.3.pdf,normal,,อำเภอโนนสูง,ตำบลลำคอหงษ์,3,ลำคอหงษ์ น.3.pdf
584ffe8c313526220bdde2b90679af78,LA_district5_data_raw/อำเภอโนนสูง/ตำบลลำคอหงษ์/หน่วยเลือกตั้งที่ 4/ลำคอหงษ์ น.4.pdf,normal,,อำเภอโนนสูง,ตำบลลำคอหงษ์,4,ลำคอหงษ์ น.4.pdf
4e726109cb45a55f2802cb40a53e44c1,LA_district5_data_raw/อำเภอโนนสูง/ตำบลลำคอหงษ์/หน่วยเลือกตั้งที่ 5/ลำคอหงษ์ น.5.pdf,normal,,อำเภอโนนสูง,ตำบลลำคอหงษ์,5,ลำคอหงษ์ น.5.pdf
c7c3844e85bd06994303f059000285f3,LA_district5_data_raw/อำเภอโนนสูง/ตำบลลำคอหงษ์/หน่วยเลือกตั้งที่ 6/ลำคอหงษ์ น 6.pdf,normal,,อำเภอโนนสูง,ตำบลลำคอหงษ์,6,ลำคอหงษ์ น 6.pdf
43090cf326bff7fde68ed106156a1cca,LA_district5_data_raw/อำเภอโนนสูง/ตำบลลำคอหงษ์/หน่วยเลือกตั้งที่ 7/ลำคอหงษ์ น.7.pdf,normal,,อำเภอโนนสูง,ตำบลลำคอหงษ์,7,ลำคอหงษ์ น.7.pdf
76e96811359c55ff8609bd20085823d0,LA_district5_data_raw/อำเภอโนนสูง/ตำบลลำคอหงษ์/หน่วยเลือกตั้งที่ 8/ลำคอหงษ์ น.8.pdf,normal,,อำเภอโนนสูง,ตำบลลำคอหงษ์,8,ลำคอหงษ์ น.8.pdf
5db9b0e863d86b1c3e5ea9503924b58f,LA_district5_data_raw/อำเภอโนนสูง/ตำบลลำคอหงษ์/หน่วยเลือกตั้งที่ 9/ลำคอหงษ์ น.9.pdf,normal,,อำเภอโนนสูง,ตำบลลำคอหงษ์,9,ลำคอหงษ์ น.9.pdf
9ec0b3f726dfccbc557c64f111530dc4,LA_district5_data_raw/อำเภอโนนสูง/ตำบลลำมูล/หน่วยเลือกตั้งที่ 1/ลำมูล น.1 10-2-69 09.36.pdf,normal,,อำเภอโนนสูง,ตำบลลำมูล,1,ลำมูล น.1 10-2-69 09.36.pdf
7176a01bf066cd49a08d87b360be804b,LA_district5_data_raw/อำเภอโนนสูง/ตำบลลำมูล/หน่วยเลือกตั้งที่ 2/ลำมูล น.2 10-2-69 09.39.pdf,normal,,อำเภอโนนสูง,ตำบลลำมูล,2,ลำมูล น.2 10-2-69 09.39.pdf
cf88e992941b06beb368166a184fe740,LA_district5_data_raw/อำเภอโนนสูง/ตำบลลำมูล/หน่วยเลือกตั้งที่ 3/ลำมูล น.3 10-2-69 09.41.pdf,normal,,อำเภอโนนสูง,ตำบลลำมูล,3,ลำมูล น.3 10-2-69 09.41.pdf
bab918b5fae2fd655c93ec55a87bccd6,LA_district5_data_raw/อำเภอโนนสูง/ตำบลลำมูล/หน่วยเลือกตั้งที่ 4/ลำมูล น.4 10-2-69 09.46.pdf,normal,,อำเภอโนนสูง,ตำบลลำมูล,4,ลำมูล น.4 10-2-69 09.46.pdf
fa294d6ad668addeec555d11addd039d,LA_district5_data_raw/อำเภอโนนสูง/ตำบลลำมูล/หน่วยเลือกตั้งที่ 5/ลำมูล น.5 10-2-69 09.49.pdf,normal,,อำเภอโนนสูง,ตำบลลำมูล,5,ลำมูล น.5 10-2-69 09.49.pdf
1d09187e57d0477f9258c24ff39f001c,LA_district5_data_raw/อำเภอโนนสูง/ตำบลลำมูล/หน่วยเลือกตั้งที่ 6/ลำมูล น.6 10-2-69 09.51.pdf,normal,,อำเภอโนนสูง,ตำบลลำมูล,6,ลำมูล น.6 10-2-69 09.51.pdf
7f670365f09c57a12d872ac9b4f847d3,LA_district5_data_raw/อำเภอโนนสูง/ตำบลลำมูล/หน่วยเลือกตั้งที่ 7/ลำมูล น.7 10-2-69 09.53.pdf,normal,,อำเภอโนนสูง,ตำบลลำมูล,7,ลำมูล น.7 10-2-69 09.53.pdf
8b3b52324f521990f480fbdfb2e72ba7,LA_district5_data_raw/อำเภอโนนสูง/ตำบลหลุมข้าว/หน่วยเลือกตั้งที่ 1/หลุมข้าว น.1.pdf,normal,,อำเภอโนนสูง,ตำบลหลุมข้าว,1,หลุมข้าว น.1.pdf
58fe7e7e4363d596cb31ec069e7fa728,LA_district5_data_raw/อำเภอโนนสูง/ตำบลหลุมข้าว/หน่วยเลือกตั้งที่ 10/หลุมข้าว น.10.pdf,normal,,อำเภอโนนสูง,ตำบลหลุมข้าว,10,หลุมข้าว น.10.pdf
06a5458d5c817219aaaf393768148e22,LA_district5_data_raw/อำเภอโนนสูง/ตำบลหลุมข้าว/หน่วยเลือกตั้งที่ 11/หลุมข้าว น.11.pdf,normal,,อำเภอโนนสูง,ตำบลหลุมข้าว,11,หลุมข้าว น.11.pdf
7471a4ec2cda550324dd6cb1ef21363c,LA_district5_data_raw/อำเภอโนนสูง/ตำบลหลุมข้าว/หน่วยเลือกตั้งที่ 12/หลุมข้าว น.12.pdf,normal,,อำเภอโนนสูง,ตำบลหลุมข้าว,12,หลุมข้าว น.12.pdf
61b3912f9808d86660e15554df5b7307,LA_district5_data_raw/อำเภอโนนสูง/ตำบลหลุมข้าว/หน่วยเลือกตั้งที่ 13/หลุมข้าว น.13.pdf,normal,,อำเภอโนนสูง,ตำบลหลุมข้าว,13,หลุมข้าว น.13.pdf
91aba0d6831ddadd82e08472e2a8d340,LA_district5_data_raw/อำเภอโนนสูง/ตำบลหลุมข้าว/หน่วยเลือกตั้งที่ 14/หลุมข้าว น.14.pdf,normal,,อำเภอโนนสูง,ตำบลหลุมข้าว,14,หลุมข้าว น.14.pdf
b5f1c29103f79c3c38199f94e1b1172b,LA_district5_data_raw/อำเภอโนนสูง/ตำบลหลุมข้าว/หน่วยเลือกตั้งที่ 15/หลุมข้าว น.15.pdf,normal,,อำเภอโนนสูง,ตำบลหลุมข้าว,15,หลุมข้าว น.15.pdf
88ecd0ab96276589a89d832ee664d8e3,LA_district5_data_raw/อำเภอโนนสูง/ตำบลหลุมข้าว/หน่วยเลือกตั้งที่ 16/หลุมข้าว น.16.pdf,normal,,อำเภอโนนสูง,ตำบลหลุมข้าว,16,หลุมข้าว น.16.pdf
c71f15881cb49ae9c60f3c87b7ce5526,LA_district5_data_raw/อำเภอโนนสูง/ตำบลหลุมข้าว/หน่วยเลือกตั้งที่ 17/หลุมข้าว น.17.pdf,normal,,อำเภอโนนสูง,ตำบลหลุมข้าว,17,หลุมข้าว น.17.pdf
de8669c6ef5fa962e75924a2de829cdc,LA_district5_data_raw/อำเภอโนนสูง/ตำบลหลุมข้าว/หน่วยเลือกตั้งที่ 18/หลุมข้าว น.18.pdf,normal,,อำเภอโนนสูง,ตำบลหลุมข้าว,18,หลุมข้าว น.18.pdf
0060c484129df8a47546c71de468e96d,LA_district5_data_raw/อำเภอโนนสูง/ตำบลหลุมข้าว/หน่วยเลือกตั้งที่ 19/หลุมข้าว น.19.pdf,normal,,อำเภอโนนสูง,ตำบลหลุมข้าว,19,หลุมข้าว น.19.pdf
6007ac671d31fd77ec6c06ddc9a74934,LA_district5_data_raw/อำเภอโนนสูง/ตำบลหลุมข้าว/หน่วยเลือกตั้งที่ 2/หลุมข้าว น.2.pdf,normal,,อำเภอโนนสูง,ตำบลหลุมข้าว,2,หลุมข้าว น.2.pdf
cd5d53d703b78d4f10c0c4ce09837edc,LA_district5_data_raw/อำเภอโนนสูง/ตำบลหลุมข้าว/หน่วยเลือกตั้งที่ 20/หลุมข้าว น.20.pdf,normal,,อำเภอโนนสูง,ตำบลหลุมข้าว,20,หลุมข้าว น.20.pdf
ea90636baabdc1ee3f92f013bf6d9f56,LA_district5_data_raw/อำเภอโนนสูง/ตำบลหลุมข้าว/หน่วยเลือกตั้งที่ 3/หลุมข้าว น.3.pdf,normal,,อำเภอโนนสูง,ตำบลหลุมข้าว,3,หลุมข้าว น.3.pdf
b6a3db7c16730408f0251f6402630afa,LA_district5_data_raw/อำเภอโนนสูง/ตำบลหลุมข้าว/หน่วยเลือกตั้งที่ 4/หลุมข้าว น.4.pdf,normal,,อำเภอโนนสูง,ตำบลหลุมข้าว,4,หลุมข้าว น.4.pdf
fd64ee8c38fae3f31b40de7971eef3c6,LA_district5_data_raw/อำเภอโนนสูง/ตำบลหลุมข้าว/หน่วยเลือกตั้งที่ 5/หลุมข้าว น.5.pdf,normal,,อำเภอโนนสูง,ตำบลหลุมข้าว,5,หลุมข้าว น.5.pdf
495ace2d52dc5538c87ba377476246ab,LA_district5_data_raw/อำเภอโนนสูง/ตำบลหลุมข้าว/หน่วยเลือกตั้งที่ 6/หลุมข้าว น.6.pdf,normal,,อำเภอโนนสูง,ตำบลหลุมข้าว,6,หลุมข้าว น.6.pdf
9c996a59eb90e086359b9f47bda150d8,LA_district5_data_raw/อำเภอโนนสูง/ตำบลหลุมข้าว/หน่วยเลือกตั้งที่ 7/หลุมข้าว น.7.pdf,normal,,อำเภอโนนสูง,ตำบลหลุมข้าว,7,หลุมข้าว น.7.pdf
6ece1bf5e69f1cde9c5f61640ea1acd2,LA_district5_data_raw/อำเภอโนนสูง/ตำบลหลุมข้าว/หน่วยเลือกตั้งที่ 8/หลุมข้าว น.8.pdf,normal,,อำเภอโนนสูง,ตำบลหลุมข้าว,8,หลุมข้าว น.8.pdf
b54428d67180cbc697edfc2f433958f0,LA_district5_data_raw/อำเภอโนนสูง/ตำบลหลุมข้าว/หน่วยเลือกตั้งที่ 9/หลุมข้าว น.9.pdf,normal,,อำเภอโนนสูง,ตำบลหลุมข้าว,9,หลุมข้าว น.9.pdf
d4a541575cc4e96d95297d1486acb97a,LA_district5_data_raw/อำเภอโนนสูง/ตำบลเมืองปราสาท/หน่วยเลือกตั้งที่ 1/น.1.pdf,normal,,อำเภอโนนสูง,ตำบลเมืองปราสาท,1,น.1.pdf
827b7d26f1c0700551721442d1f421ea,LA_district5_data_raw/อำเภอโนนสูง/ตำบลเมืองปราสาท/หน่วยเลือกตั้งที่ 10/น.10.pdf,normal,,อำเภอโนนสูง,ตำบลเมืองปราสาท,10,น.10.pdf
2db13ee14626cd9d7ce63cd76e84f8f0,LA_district5_data_raw/อำเภอโนนสูง/ตำบลเมืองปราสาท/หน่วยเลือกตั้งที่ 11/น.11.pdf,normal,,อำเภอโนนสูง,ตำบลเมืองปราสาท,11,น.11.pdf
0b761babc6d4b93e97027688d71d4eab,LA_district5_data_raw/อำเภอโนนสูง/ตำบลเมืองปราสาท/หน่วยเลือกตั้งที่ 12/น.12.pdf,normal,,อำเภอโนนสูง,ตำบลเมืองปราสาท,12,น.12.pdf
9eed08393cc541b886416a11478489bc,LA_district5_data_raw/อำเภอโนนสูง/ตำบลเมืองปราสาท/หน่วยเลือกตั้งที่ 13/น.13.pdf,normal,,อำเภอโนนสูง,ตำบลเมืองปราสาท,13,น.13.pdf
b138a19819473625cb30e2d15875822c,LA_district5_data_raw/อำเภอโนนสูง/ตำบลเมืองปราสาท/หน่วยเลือกตั้งที่ 14/น.14.pdf,normal,,อำเภอโนนสูง,ตำบลเมืองปราสาท,14,น.14.pdf
f11f9e2758b2567958f7a3bfcf3aeb88,LA_district5_data_raw/อำเภอโนนสูง/ตำบลเมืองปราสาท/หน่วยเลือกตั้งที่ 15/น.15.pdf,normal,,อำเภอโนนสูง,ตำบลเมืองปราสาท,15,น.15.pdf
48593edb30971a03bd9c47ae8a51eb17,LA_district5_data_raw/อำเภอโนนสูง/ตำบลเมืองปราสาท/หน่วยเลือกตั้งที่ 2/น.2.pdf,normal,,อำเภอโนนสูง,ตำบลเมืองปราสาท,2,น.2.pdf
517cd08b7e58ed3bd3b0885e381feeb9,LA_district5_data_raw/อำเภอโนนสูง/ตำบลเมืองปราสาท/หน่วยเลือกตั้งที่ 3/น.3.pdf,normal,,อำเภอโนนสูง,ตำบลเมืองปราสาท,3,น.3.pdf
d69772ad1fa1caa7844bf4e4f7d8ecfd,LA_district5_data_raw/อำเภอโนนสูง/ตำบลเมืองปราสาท/หน่วยเลือกตั้งที่ 4/น.4.pdf,normal,,อำเภอโนนสูง,ตำบลเมืองปราสาท,4,น.4.pdf
54a6533fee5f41a6ac9d3f990ddacdee,LA_district5_data_raw/อำเภอโนนสูง/ตำบลเมืองปราสาท/หน่วยเลือกตั้งที่ 5/น.5.pdf,normal,,อำเภอโนนสูง,ตำบลเมืองปราสาท,5,น.5.pdf
e07e1c73f96f08768df0db027b0fd36b,LA_district5_data_raw/อำเภอโนนสูง/ตำบลเมืองปราสาท/หน่วยเลือกตั้งที่ 6/น.6.pdf,normal,,อำเภอโนนสูง,ตำบลเมืองปราสาท,6,น.6.pdf
46b0795f82e1c968f10e43732800c209,LA_district5_data_raw/อำเภอโนนสูง/ตำบลเมืองปราสาท/หน่วยเลือกตั้งที่ 7/น.7.pdf,normal,,อำเภอโนนสูง,ตำบลเมืองปราสาท,7,น.7.pdf
ea75517c808b5f12c163c38c98d8362c,LA_district5_data_raw/อำเภอโนนสูง/ตำบลเมืองปราสาท/หน่วยเลือกตั้งที่ 8/น.8.pdf,normal,,อำเภอโนนสูง,ตำบลเมืองปราสาท,8,น.8.pdf
223a32f8ad951a6cf6a87628b2b13eaf,LA_district5_data_raw/อำเภอโนนสูง/ตำบลเมืองปราสาท/หน่วยเลือกตั้งที่ 9/น.9.pdf,normal,,อำเภอโนนสูง,ตำบลเมืองปราสาท,9,น.9.pdf
258fde22916f00493219d47f0d25e16d,LA_district5_data_raw/อำเภอโนนสูง/ตำบลโตนด/หน่วยเลือกตั้งที่ 1/โตนด น.1.pdf,normal,,อำเภอโนนสูง,ตำบลโตนด,1,โตนด น.1.pdf
f1359c664f9dadf5bc58c4d8e1e8f202,LA_district5_data_raw/อำเภอโนนสูง/ตำบลโตนด/หน่วยเลือกตั้งที่ 10/โตนด น.10.pdf,normal,,อำเภอโนนสูง,ตำบลโตนด,10,โตนด น.10.pdf
5cdf9367f67d15f398caeecded366dab,LA_district5_data_raw/อำเภอโนนสูง/ตำบลโตนด/หน่วยเลือกตั้งที่ 11/โตนด น.11.pdf,normal,,อำเภอโนนสูง,ตำบลโตนด,11,โตนด น.11.pdf
6b784dd89b8afdf78b1b458ddd1ad24a,LA_district5_data_raw/อำเภอโนนสูง/ตำบลโตนด/หน่วยเลือกตั้งที่ 12/โตนด น.12.pdf,normal,,อำเภอโนนสูง,ตำบลโตนด,12,โตนด น.12.pdf
4d5a069fbfdff3caeabca03540c1ff33,LA_district5_data_raw/อำเภอโนนสูง/ตำบลโตนด/หน่วยเลือกตั้งที่ 2/โตนด น.2.pdf,normal,,อำเภอโนนสูง,ตำบลโตนด,2,โตนด น.2.pdf
cfcd90e551022295366bdf7c0f6c7a44,LA_district5_data_raw/อำเภอโนนสูง/ตำบลโตนด/หน่วยเลือกตั้งที่ 3/โตนด น.3.pdf,normal,,อำเภอโนนสูง,ตำบลโตนด,3,โตนด น.3.pdf
fa1c4a9ae730496b938cdca9608f6494,LA_district5_data_raw/อำเภอโนนสูง/ตำบลโตนด/หน่วยเลือกตั้งที่ 4/โตนด น.4.pdf,normal,,อำเภอโนนสูง,ตำบลโตนด,4,โตนด น.4.pdf
e42848d5239ef804214407d5f11fd86e,LA_district5_data_raw/อำเภอโนนสูง/ตำบลโตนด/หน่วยเลือกตั้งที่ 5/โตนด น.5.pdf,normal,,อำเภอโนนสูง,ตำบลโตนด,5,โตนด น.5.pdf
8521ec8bf4bc95a2fc521fd417b971f9,LA_district5_data_raw/อำเภอโนนสูง/ตำบลโตนด/หน่วยเลือกตั้งที่ 6/โตนด น.6.pdf,normal,,อำเภอโนนสูง,ตำบลโตนด,6,โตนด น.6.pdf
bf198523917948d7c29d2173fbcd7eb6,LA_district5_data_raw/อำเภอโนนสูง/ตำบลโตนด/หน่วยเลือกตั้งที่ 7/โตนด น.7.pdf,normal,,อำเภอโนนสูง,ตำบลโตนด,7,โตนด น.7.pdf
5fb1b549b1ec14bfede3cc3a3e3303d8,LA_district5_data_raw/อำเภอโนนสูง/ตำบลโตนด/หน่วยเลือกตั้งที่ 8/โตนด น.8.pdf,normal,,อำเภอโนนสูง,ตำบลโตนด,8,โตนด น.8.pdf
422af586037da65a2124c64bde63300f,LA_district5_data_raw/อำเภอโนนสูง/ตำบลโตนด/หน่วยเลือกตั้งที่ 9/โตนด น.9.pdf,normal,,อำเภอโนนสูง,ตำบลโตนด,9,โตนด น.9.pdf
45bfa9fdb1168621fdbafec0884a479e,LA_district5_data_raw/อำเภอโนนสูง/เทศบาลตำบลดอนหวาย/หน่วยเลือกตั้งที่ 1/ต.ดอนหวาย หน่วยที่ 1.pdf,normal,,อำเภอโนนสูง,,1,ต.ดอนหวาย หน่วยที่ 1.pdf
85c351f1ae231b4e1321694fad0c333c,LA_district5_data_raw/อำเภอโนนสูง/เทศบาลตำบลดอนหวาย/หน่วยเลือกตั้งที่ 2/หน่วยที่ 2 ตำบลดอนหวาย.pdf,normal,,อำเภอโนนสูง,,2,หน่วยที่ 2 ตำบลดอนหวาย.pdf
f7d80d2a3bd4fc4768f6160b2506c0fb,LA_district5_data_raw/อำเภอโนนสูง/เทศบาลตำบลดอนหวาย/หน่วยเลือกตั้งที่ 3/หน่วย 3 ตำบลดอนหวาย.pdf,normal,,อำเภอโนนสูง,,3,หน่วย 3 ตำบลดอนหวาย.pdf
514a66780878be7ab86758251edba4db,LA_district5_data_raw/อำเภอโนนสูง/เทศบาลตำบลดอนหวาย/หน่วยเลือกตั้งที่ 4/หน่วยที่ 4 ตำบลดอนหวาย.pdf,normal,,อำเภอโนนสูง,,4,หน่วยที่ 4 ตำบลดอนหวาย.pdf
43e9c59b130a34ac0b37492f907bb848,LA_district5_data_raw/อำเภอโนนสูง/เทศบาลตำบลดอนหวาย/หน่วยเลือกตั้งที่ 5/หน่วยที่ 5 ตำบลดอนหวาย.pdf,normal,,อำเภอโนนสูง,,5,หน่วยที่ 5 ตำบลดอนหวาย.pdf
7d47f767f82fbbc5dc61fb384487ccae,LA_district5_data_raw/อำเภอโนนสูง/เทศบาลตำบลดอนหวาย/หน่วยเลือกตั้งที่ 6/หน่วยที่ 6 ตำบลดอนหวาย.pdf,normal,,อำเภอโนนสูง,,6,หน่วยที่ 6 ตำบลดอนหวาย.pdf
d4997137716374368a78f96ae78062f1,LA_district5_data_raw/อำเภอโนนสูง/เทศบาลตำบลดอนหวาย/หน่วยเลือกตั้งที่ 7/หน่วยที่ 7 ตำบลดอนหวาย.pdf,normal,,อำเภอโนนสูง,,7,หน่วยที่ 7 ตำบลดอนหวาย.pdf
fddd7985651317e30752fff395eacb94,LA_district5_data_raw/อำเภอโนนสูง/เทศบาลตำบลด่านคล้า/หน่วยเลือกตั้งที่ 1/ด่านคล่า น.1 .pdf,normal,,อำเภอโนนสูง,,1,ด่านคล่า น.1 .pdf
67d65aa7f5208d02d61ee634127892d0,LA_district5_data_raw/อำเภอโนนสูง/เทศบาลตำบลด่านคล้า/หน่วยเลือกตั้งที่ 10/ด่านคล่า น.10.pdf,normal,,อำเภอโนนสูง,,10,ด่านคล่า น.10.pdf
805d3eb9e9c5a6d4cfb4bc9ded11d7e5,LA_district5_data_raw/อำเภอโนนสูง/เทศบาลตำบลด่านคล้า/หน่วยเลือกตั้งที่ 11/ด่านคล่า น.11 .pdf,normal,,อำเภอโนนสูง,,11,ด่านคล่า น.11 .pdf
21a8c29a910298cacaa5b5acbd74748c,LA_district5_data_raw/อำเภอโนนสูง/เทศบาลตำบลด่านคล้า/หน่วยเลือกตั้งที่ 12/518บช หน่วย13.pdf,normal,,อำเภอโนนสูง,,12,518บช หน่วย13.pdf
489959da3c8011d472abc9146bb6ac4f,LA_district5_data_raw/อำเภอโนนสูง/เทศบาลตำบลด่านคล้า/หน่วยเลือกตั้งที่ 12/ด่านคล่า น.12.pdf,normal,,อำเภอโนนสูง,,12,ด่านคล่า น.12.pdf
4bfc6c511899063fdd7e041f27f446cf,LA_district5_data_raw/อำเภอโนนสูง/เทศบาลตำบลด่านคล้า/หน่วยเลือกตั้งที่ 13/ด่านคล่า น.13.pdf,normal,,อำเภอโนนสูง,,13,ด่านคล่า น.13.pdf
e81ab2b70c44a0f40887d4767a1899d4,LA_district5_data_raw/อำเภอโนนสูง/เทศบาลตำบลด่านคล้า/หน่วยเลือกตั้งที่ 14/ด่านคล่า น.14 .pdf,normal,,อำเภอโนนสูง,,14,ด่านคล่า น.14 .pdf
c75605abdb14f8300adff8ac915dfb33,LA_district5_data_raw/อำเภอโนนสูง/เทศบาลตำบลด่านคล้า/หน่วยเลือกตั้งที่ 15/ด่านคล่า น.15 .pdf,normal,,อำเภอโนนสูง,,15,ด่านคล่า น.15 .pdf
e635b32b49185f06ac7ddc27c7b6608b,LA_district5_data_raw/อำเภอโนนสูง/เทศบาลตำบลด่านคล้า/หน่วยเลือกตั้งที่ 2/ด่านคล่า น.2.pdf,normal,,อำเภอโนนสูง,,2,ด่านคล่า น.2.pdf
94c895d1f78db1e25a52740f280bac16,LA_district5_data_raw/อำเภอโนนสูง/เทศบาลตำบลด่านคล้า/หน่วยเลือกตั้งที่ 3/ด่านคล่า น. 3 .pdf,normal,,อำเภอโนนสูง,,3,ด่านคล่า น. 3 .pdf
add95bfa684fb8a3b5b9c44c78574c69,LA_district5_data_raw/อำเภอโนนสูง/เทศบาลตำบลด่านคล้า/หน่วยเลือกตั้งที่ 4/ด่านคล่า น.4 .pdf,normal,,อำเภอโนนสูง,,4,ด่านคล่า น.4 .pdf
56a6506ea4989c5ba2f0a7e459679643,LA_district5_data_raw/อำเภอโนนสูง/เทศบาลตำบลด่านคล้า/หน่วยเลือกตั้งที่ 5/ด่านคล่า น.5 .pdf,normal,,อำเภอโนนสูง,,5,ด่านคล่า น.5 .pdf
2a4638f5c9e156e3c73a2d123f7032e2,LA_district5_data_raw/อำเภอโนนสูง/เทศบาลตำบลด่านคล้า/หน่วยเลือกตั้งที่ 6/ด่านคล่า น.6 .pdf,normal,,อำเภอโนนสูง,,6,ด่านคล่า น.6 .pdf
9c2cbbcab052e3a5d890beb1007efa3f,LA_district5_data_raw/อำเภอโนนสูง/เทศบาลตำบลด่านคล้า/หน่วยเลือกตั้งที่ 7/ชุดที่ ๑ (สีขาว) ส่งให้คณะกรรมการการเลือกตั.pdf,normal,,อำเภอโนนสูง,,7,ชุดที่ ๑ (สีขาว) ส่งให้คณะกรรมการการเลือกตั.pdf
a89aaa8510713cc2eb3c8efab9982fe4,LA_district5_data_raw/อำเภอโนนสูง/เทศบาลตำบลด่านคล้า/หน่วยเลือกตั้งที่ 7/ด่านคล่า น.7 .pdf,normal,,อำเภอโนนสูง,,7,ด่านคล่า น.7 .pdf
3a7c9526ca743762296825c63f48c6bf,LA_district5_data_raw/อำเภอโนนสูง/เทศบาลตำบลด่านคล้า/หน่วยเลือกตั้งที่ 8/ด่านคล่า น.8 .pdf,normal,,อำเภอโนนสูง,,8,ด่านคล่า น.8 .pdf
b2aaa9a778bb4f99aa7ff09df0e4677f,LA_district5_data_raw/อำเภอโนนสูง/เทศบาลตำบลด่านคล้า/หน่วยเลือกตั้งที่ 9/ด่านคล่า น.9.pdf,normal,,อำเภอโนนสูง,,9,ด่านคล่า น.9.pdf
b7f18735305a78ab00ac4d87f4bb629d,LA_district5_data_raw/อำเภอโนนสูง/เทศบาลตำบลมะค่า/หน่วยเลือกตั้งที่ 1/ทต.มะค่า น.1.pdf,normal,,อำเภอโนนสูง,,1,ทต.มะค่า น.1.pdf
24ce28abf37774d6b54038ecdc87cc08,LA_district5_data_raw/อำเภอโนนสูง/เทศบาลตำบลมะค่า/หน่วยเลือกตั้งที่ 2/ทต.มะค่า น.2.pdf,normal,,อำเภอโนนสูง,,2,ทต.มะค่า น.2.pdf
49c2fca22bc3e0ae30f2ee448fb61429,LA_district5_data_raw/อำเภอโนนสูง/เทศบาลตำบลมะค่า/หน่วยเลือกตั้งที่ 3/ทต.มะค่า น.3.pdf,normal,,อำเภอโนนสูง,,3,ทต.มะค่า น.3.pdf
03ef453bd1368da9b53fde198f42d0c7,LA_district5_data_raw/อำเภอโนนสูง/เทศบาลตำบลโนนสูง/หน่วยเลือกตั้งที่ 1/ทต.โนนสูง หน่วยที่ 1 .pdf,normal,,อำเภอโนนสูง,,1,ทต.โนนสูง หน่วยที่ 1 .pdf
fd6e8ee70887f1339ea20b9ef162304c,LA_district5_data_raw/อำเภอโนนสูง/เทศบาลตำบลโนนสูง/หน่วยเลือกตั้งที่ 10/ทต.โนนสูง หน่วยที่ 10.pdf,normal,,อำเภอโนนสูง,,10,ทต.โนนสูง หน่วยที่ 10.pdf
6b9203840ab0437a7da332c1f4df1b5f,LA_district5_data_raw/อำเภอโนนสูง/เทศบาลตำบลโนนสูง/หน่วยเลือกตั้งที่ 11/ทต.โนนสูง หน่วยที่ 11.pdf,normal,,อำเภอโนนสูง,,11,ทต.โนนสูง หน่วยที่ 11.pdf
87e0205f99aa81c898f6ce7ab82e6f39,LA_district5_data_raw/อำเภอโนนสูง/เทศบาลตำบลโนนสูง/หน่วยเลือกตั้งที่ 12/ทต.โนนสูง หน่วยที่ 12.pdf,normal,,อำเภอโนนสูง,,12,ทต.โนนสูง หน่วยที่ 12.pdf
5c45729b16a76c06ef9bfe6b8f71d2c4,LA_district5_data_raw/อำเภอโนนสูง/เทศบาลตำบลโนนสูง/หน่วยเลือกตั้งที่ 13/ทต.โนนสูง หน่วยที่ 13.pdf,normal,,อำเภอโนนสูง,,13,ทต.โนนสูง หน่วยที่ 13.pdf
dca1df07d6175b0ec5fc8bd5ec5f9b4a,LA_district5_data_raw/อำเภอโนนสูง/เทศบาลตำบลโนนสูง/หน่วยเลือกตั้งที่ 14/ทต.โนนสูง หน่วยที่ 14.pdf,normal,,อำเภอโนนสูง,,14,ทต.โนนสูง หน่วยที่ 14.pdf
488698f247041d19abeb428a9de79053,LA_district5_data_raw/อำเภอโนนสูง/เทศบาลตำบลโนนสูง/หน่วยเลือกตั้งที่ 2/ทต.โนนสูง หน่วยที่ 2.pdf,normal,,อำเภอโนนสูง,,2,ทต.โนนสูง หน่วยที่ 2.pdf
c8e289ab7f72f33592fe6d54f746764f,LA_district5_data_raw/อำเภอโนนสูง/เทศบาลตำบลโนนสูง/หน่วยเลือกตั้งที่ 3/ทต.โนนสูง หน่วยที่ 3.pdf,normal,,อำเภอโนนสูง,,3,ทต.โนนสูง หน่วยที่ 3.pdf
c8068711b3d1d9db7837a0171630eee4,LA_district5_data_raw/อำเภอโนนสูง/เทศบาลตำบลโนนสูง/หน่วยเลือกตั้งที่ 4/ทต.โนนสูง หน่วยที่ 4.pdf,normal,,อำเภอโนนสูง,,4,ทต.โนนสูง หน่วยที่ 4.pdf
7c9130ec663cbb26985770651d79f47e,LA_district5_data_raw/อำเภอโนนสูง/เทศบาลตำบลโนนสูง/หน่วยเลือกตั้งที่ 5/ทต.โนนสูง หน่วยที่ 5.pdf,normal,,อำเภอโนนสูง,,5,ทต.โนนสูง หน่วยที่ 5.pdf
365b8c41c3fa6b9bda430ea828a5dc59,LA_district5_data_raw/อำเภอโนนสูง/เทศบาลตำบลโนนสูง/หน่วยเลือกตั้งที่ 6/ทต.โนนสูง หน่วยที่ 6.pdf,normal,,อำเภอโนนสูง,,6,ทต.โนนสูง หน่วยที่ 6.pdf
c49a046c54c8f4876970e214ebeb811f,LA_district5_data_raw/อำเภอโนนสูง/เทศบาลตำบลโนนสูง/หน่วยเลือกตั้งที่ 7/ทต.โนนสูง หน่วยที่ 7.pdf,normal,,อำเภอโนนสูง,,7,ทต.โนนสูง หน่วยที่ 7.pdf
e3bd020001b19595106ec10f5b5a01b7,LA_district5_data_raw/อำเภอโนนสูง/เทศบาลตำบลโนนสูง/หน่วยเลือกตั้งที่ 8/ทต.โนนสูง หน่วยที่8.pdf,normal,,อำเภอโนนสูง,,8,ทต.โนนสูง หน่วยที่8.pdf
f39ab44885a05f3a23e54312ce9b8167,LA_district5_data_raw/อำเภอโนนสูง/เทศบาลตำบลโนนสูง/หน่วยเลือกตั้งที่ 9/ทต.โนนสูง หน่วยที่ 9.pdf,normal,,อำเภอโนนสูง,,9,ทต.โนนสูง หน่วยที่ 9.pdf
9edd26039ed34c2b71f30471cd9b1bf1,LA_district5_data_raw/อำเภอโนนสูง/เทศบาลตำบลใหม่/หน่วยเลือกตั้งที่ 1/หน่วยที่ 1 ตำบลใหม่.pdf,normal,,อำเภอโนนสูง,,1,หน่วยที่ 1 ตำบลใหม่.pdf
ee4d7bb45ec4c075ff6d3e2f85d3149f,LA_district5_data_raw/อำเภอโนนสูง/เทศบาลตำบลใหม่/หน่วยเลือกตั้งที่ 10/หน่วยที่ 10 ตำบลใหม่.pdf,normal,,อำเภอโนนสูง,,10,หน่วยที่ 10 ตำบลใหม่.pdf
e69f9663625a4c179cedf36579b493dc,LA_district5_data_raw/อำเภอโนนสูง/เทศบาลตำบลใหม่/หน่วยเลือกตั้งที่ 11/หน่วยที่ 11 ตำบลใหม่.pdf,normal,,อำเภอโนนสูง,,11,หน่วยที่ 11 ตำบลใหม่.pdf
255517635f4a8f5a38e48abbcd977f9f,LA_district5_data_raw/อำเภอโนนสูง/เทศบาลตำบลใหม่/หน่วยเลือกตั้งที่ 12/หน่วยที่ 12 ตำบลใหม่.pdf,normal,,อำเภอโนนสูง,,12,หน่วยที่ 12 ตำบลใหม่.pdf
b390a9b7121c20ebf38afcd3ff300abd,LA_district5_data_raw/อำเภอโนนสูง/เทศบาลตำบลใหม่/หน่วยเลือกตั้งที่ 13/หน่วยที่ 13 ตำบลใหม่.pdf,normal,,อำเภอโนนสูง,,13,หน่วยที่ 13 ตำบลใหม่.pdf
6f352e4bbed033520e1d035244005cbc,LA_district5_data_raw/อำเภอโนนสูง/เทศบาลตำบลใหม่/หน่วยเลือกตั้งที่ 14/หน่วยที่ 14 ตำบลใหม่.pdf,normal,,อำเภอโนนสูง,,14,หน่วยที่ 14 ตำบลใหม่.pdf
dacf02677c9fdf87bf0b4a69722f0b8d,LA_district5_data_raw/อำเภอโนนสูง/เทศบาลตำบลใหม่/หน่วยเลือกตั้งที่ 15/หน่วยที่ 15 ตำบลใหม่.pdf,normal,,อำเภอโนนสูง,,15,หน่วยที่ 15 ตำบลใหม่.pdf
2dd20f23bd3cb633752b00bb65429d5f,LA_district5_data_raw/อำเภอโนนสูง/เทศบาลตำบลใหม่/หน่วยเลือกตั้งที่ 16/หน่วยที่ 16 ตำบลใหม่.pdf,normal,,อำเภอโนนสูง,,16,หน่วยที่ 16 ตำบลใหม่.pdf
49c7877fcf251381e1d03b8d73dbb7ac,LA_district5_data_raw/อำเภอโนนสูง/เทศบาลตำบลใหม่/หน่วยเลือกตั้งที่ 2/หน่วยที่ 2 ตำบลใหม่.pdf,normal,,อำเภอโนนสูง,,2,หน่วยที่ 2 ตำบลใหม่.pdf
4114883eae4a7bd709d003151104fc19,LA_district5_data_raw/อำเภอโนนสูง/เทศบาลตำบลใหม่/หน่วยเลือกตั้งที่ 3/หน่วยที่ 3 ตำบลใหม่.pdf,normal,,อำเภอโนนสูง,,3,หน่วยที่ 3 ตำบลใหม่.pdf
a1bbe3de61ec7c3068ac2a0aa29f6416,LA_district5_data_raw/อำเภอโนนสูง/เทศบาลตำบลใหม่/หน่วยเลือกตั้งที่ 4/หน่วยที่ 4 ตำบลใหม่.pdf,normal,,อำเภอโนนสูง,,4,หน่วยที่ 4 ตำบลใหม่.pdf
7bb7782d0289441ef6d4588eda70a3e5,LA_district5_data_raw/อำเภอโนนสูง/เทศบาลตำบลใหม่/หน่วยเลือกตั้งที่ 5/หน่วยที่ 5 ตำบลใหม่.pdf,normal,,อำเภอโนนสูง,,5,หน่วยที่ 5 ตำบลใหม่.pdf
8481bd6646a9ab106b0896081f0df205,LA_district5_data_raw/อำเภอโนนสูง/เทศบาลตำบลใหม่/หน่วยเลือกตั้งที่ 6/หน่วยที่ 6 ตำบลใหม่.pdf,normal,,อำเภอโนนสูง,,6,หน่วยที่ 6 ตำบลใหม่.pdf
8a4731e5d6f7ae1125df488d19fc8e51,LA_district5_data_raw/อำเภอโนนสูง/เทศบาลตำบลใหม่/หน่วยเลือกตั้งที่ 7/หน่วยที่ 7 ตำบลใหม่.pdf,normal,,อำเภอโนนสูง,,7,หน่วยที่ 7 ตำบลใหม่.pdf
f11618bbb386817047fec680fbbbf24f,LA_district5_data_raw/อำเภอโนนสูง/เทศบาลตำบลใหม่/หน่วยเลือกตั้งที่ 8/หน่วยที่ 8 ตำบลใหม่.pdf,normal,,อำเภอโนนสูง,,8,หน่วยที่ 8 ตำบลใหม่.pdf
8476eb4d191d9c5664d1972b47828311,LA_district5_data_raw/อำเภอโนนสูง/เทศบาลตำบลใหม่/หน่วยเลือกตั้งที่ 9/หน่วยที่ 9 ตำบลใหม่.pdf,normal,,อำเภอโนนสูง,,9,หน่วยที่ 9 ตำบลใหม่.pdf
ea353fe61872e085c57967aa8d336cdc,LA_district5_data_raw/อำเภอโนนสูง/เทศบาลธารปราสาท/หน่วยเลือกตั้งที่ 1/ทต.ตลาดแค 1.pdf,normal,,อำเภอโนนสูง,,1,ทต.ตลาดแค 1.pdf
461ce6504f60f29f828be3b0710f67f4,LA_district5_data_raw/อำเภอโนนสูง/เทศบาลธารปราสาท/หน่วยเลือกตั้งที่ 2/ทต.ตลาดแค น.2.pdf,normal,,อำเภอโนนสูง,,2,ทต.ตลาดแค น.2.pdf
9285377ca5b4959b50fd01cdc48c7099,LA_district5_data_raw/อำเภอโนนสูง/เทศบาลธารปราสาท/หน่วยเลือกตั้งที่ 3/ทต.ตลาดแค น.3.pdf,normal,,อำเภอโนนสูง,,3,ทต.ตลาดแค น.3.pdf
dbb80df72bd762222c63fd7ed6cd61f7,LA_district5_data_raw/อำเภอโนนสูง/เทศบาลธารปราสาท/หน่วยเลือกตั้งที่ 4/ทต.ตลาดแค น.4.pdf,normal,,อำเภอโนนสูง,,4,ทต.ตลาดแค น.4.pdf
f5cd1c7cf87deeb58b68d32cbbcc10af,LA_district5_data_raw/อำเภอโนนสูง/เทศบาลธารปราสาท/หน่วยเลือกตั้งที่ 5/ทต.ตลาดแค น.5.pdf,normal,,อำเภอโนนสูง,,5,ทต.ตลาดแค น.5.pdf
36ab0416cd2744085722e75759428973,LA_district5_data_raw/อำเภอโนนสูง/เทศบาลธารปราสาท/หน่วยเลือกตั้งที่ 6/ทต.ตลาดแค น.6.pdf,normal,,อำเภอโนนสูง,,6,ทต.ตลาดแค น.6.pdf
ac35dd4f67e8b0032b02744c27150195,LA_district5_data_raw/อำเภอโนนสูง/เทศบาลธารปราสาท/หน่วยเลือกตั้งที่ 7/ทต.ตลาดแค น.7.pdf,normal,,อำเภอโนนสูง,,7,ทต.ตลาดแค น.7.pdf
