file_id,pdf_name,election_type,ballot_type,total_is_valid,candidate_sum_valid,both_valid,failure_modes,,
0060c484129df8a47546c71de468e96d,หลุมข้าว น.19.pdf,normal,district,TRUE,FALSE,FALSE,"candidate_sum_fail (sum=239, valid_votes=169)",both valid,194
0060c484129df8a47546c71de468e96d,หลุมข้าว น.19.pdf,normal,partylist,TRUE,FALSE,FALSE,"candidate_sum_fail (sum=167, valid_votes=172)",total record,606
01ad8a407a5e0b7c3151323002d46bc6,น.8 ต.ท่าหลวง ส.ส.5_18.pdf,normal,district,TRUE,TRUE,TRUE,,,
01d5f3c349061edd8c1206899b46fcc4,น.4 ต.กระเบื้องใหญ่ ส.ส.5_18.pdf,normal,district,TRUE,FALSE,FALSE,"ocr_missed_candidates:[7, 8, 9] | candidate_sum_fail (sum=175, valid_votes=302)",,
03ef453bd1368da9b53fde198f42d0c7,ทต.โนนสูง หน่วยที่ 1 .pdf,normal,district,TRUE,TRUE,TRUE,null_header_field:moo,,
03ef453bd1368da9b53fde198f42d0c7,ทต.โนนสูง หน่วยที่ 1 .pdf,normal,partylist,TRUE,FALSE,FALSE,"null_header_field:moo | candidate_sum_fail (sum=277, valid_votes=275)",,
0462ff708fc1f7d70cc4c1ccde70eead,ช.2.pdf,advance_out_of_district,district,FALSE,FALSE,FALSE,"ocr_missed_candidates:[1, 2, 4, 5, 6, 7, 8]",,
0462ff708fc1f7d70cc4c1ccde70eead,ช.2.pdf,advance_out_of_district,partylist,FALSE,FALSE,FALSE,"ballot_math_fail (total=641, valid+void+spoiled=668) | candidate_sum_fail (sum=614, valid_votes=641)",,
04ff4e1cf1b94d7329ac4efa5fcdafca,สส.5ทับ18.pdf,normal,district,TRUE,TRUE,TRUE,,,
05e2804c8fc83f7ec0d5ac1cd9aa42e3,น.9 ต.กระเบื้องใหญ่ ส.ส.5_18.pdf,normal,district,TRUE,FALSE,FALSE,"ocr_missed_candidates:[7, 8, 9] | candidate_sum_fail (sum=85, valid_votes=120)",,
06262dd43963995e2e11c892735cb75e,ส.ส.5ทับ18 (บช).pdf,normal,partylist,FALSE,FALSE,FALSE,,,
06a5458d5c817219aaaf393768148e22,หลุมข้าว น.11.pdf,normal,district,FALSE,FALSE,FALSE,null_header_field:total_ballots | null_header_field:valid_votes | null_header_field:void_ballots | null_header_field:spoiled_ballots | ocr_extra_candidates:[20],,
06a5458d5c817219aaaf393768148e22,หลุมข้าว น.11.pdf,normal,partylist,FALSE,FALSE,FALSE,null_header_field:total_ballots | null_header_field:valid_votes | null_header_field:void_ballots | null_header_field:spoiled_ballots,,
06e964224ba66babbb7a3bf073794fe4,น.11 ต.สัมฤทธิ์ ส.ส.5_18.pdf,normal,district,FALSE,FALSE,FALSE,"ballot_math_fail (total=178, valid+void+spoiled=282) | candidate_sum_fail (sum=223, valid_votes=247)",,
0982e6d3e342b27cc18ac2dab601ac12,น.9 ต.ท่าหลวง ส.ส.5_18 (บช).pdf,normal,partylist,FALSE,FALSE,FALSE,"ocr_missed_candidates:[7, 8, 9, 10, 11, 12, 13, 14, 15, 16, 17, 18, 19, 20, 21, 22, 23, 24, 25, 26, 27, 28, 29] | ballot_math_fail (total=544, valid+void+spoiled=704) | candidate_sum_fail (sum=304, valid_votes=497)",,
09838ee111d941651af62aca9abf8c08,ส.ส. 5ทับ18.pdf,normal,district,TRUE,FALSE,FALSE,"candidate_sum_fail (sum=244, valid_votes=210)",,
09b0344a1a9bcccef171c4bc67a225e2,พลสงคราม น.14 10-2-69 10.41.pdf,normal,district,FALSE,FALSE,FALSE,"ballot_math_fail (total=143, valid+void+spoiled=145) | candidate_sum_fail (sum=127, valid_votes=129)",,
09b0344a1a9bcccef171c4bc67a225e2,พลสงคราม น.14 10-2-69 10.41.pdf,normal,partylist,TRUE,TRUE,TRUE,,,
09fbb089005c42a1bfe78d587907f832,ขามเฒ่า น.8.pdf,normal,district,TRUE,TRUE,TRUE,,,
09fbb089005c42a1bfe78d587907f832,ขามเฒ่า น.8.pdf,normal,partylist,TRUE,TRUE,TRUE,,,
0b761babc6d4b93e97027688d71d4eab,น.12.pdf,normal,district,FALSE,FALSE,FALSE,null_header_field:total_ballots | null_header_field:valid_votes | null_header_field:void_ballots,,
0b761babc6d4b93e97027688d71d4eab,น.12.pdf,normal,partylist,TRUE,FALSE,FALSE,"null_header_field:spoiled_ballots | candidate_sum_fail (sum=235, valid_votes=237)",,
0c325950786cc6260375b4d729903552,น.1 ต.กระเบื้องใหญ่ ส.ส.5_18 (บช).pdf,normal,partylist,TRUE,FALSE,FALSE,"candidate_sum_fail (sum=401, valid_votes=404)",,
0dae1f5a7db14e0e94e82b234c7b48a5,ช.4.pdf,advance_out_of_district,district,FALSE,FALSE,FALSE,"ballot_math_fail (total=640, valid+void+spoiled=708) | candidate_sum_fail (sum=511, valid_votes=559)",,
0dae1f5a7db14e0e94e82b234c7b48a5,ช.4.pdf,advance_out_of_district,partylist,FALSE,FALSE,FALSE,"ocr_missed_candidates:[8] | ballot_math_fail (total=60, valid+void+spoiled=92) | candidate_sum_fail (sum=613, valid_votes=60)",,
105480986c2f76e4f498cc266ff3970e,ขามเฒ่า น.11.pdf,normal,district,FALSE,TRUE,FALSE,"ballot_math_fail (total=109, valid+void+spoiled=107)",,
105480986c2f76e4f498cc266ff3970e,ขามเฒ่า น.11.pdf,normal,partylist,FALSE,FALSE,FALSE,"ballot_math_fail (total=107, valid+void+spoiled=109) | candidate_sum_fail (sum=93, valid_votes=99)",,
11b57cd11651075824a888d72a0d7aac,น.13 ต.สัมฤทธิ์ ส.ส.5_18.pdf,normal,district,TRUE,TRUE,TRUE,,,
138c5ce25c670ea2f3d1b1657a63de58,พลสงคราม น.9 10-2-69 10.18.pdf,normal,district,FALSE,FALSE,FALSE,"ballot_math_fail (total=324, valid+void+spoiled=328) | candidate_sum_fail (sum=303, valid_votes=301)",,
138c5ce25c670ea2f3d1b1657a63de58,พลสงคราม น.9 10-2-69 10.18.pdf,normal,partylist,TRUE,TRUE,TRUE,,,
1424a7fe85ab76e20aa8dafd9db82a5c,สส.5ทับ18.pdf,normal,district,TRUE,TRUE,TRUE,,,
160a1b51005cc1cbb633e9e34b2e36a3,น.10 ต.กระเบื้องใหญ่ ส.ส.5_18 (บช).pdf,normal,partylist,TRUE,FALSE,FALSE,"candidate_sum_fail (sum=275, valid_votes=433)",,
1708b29955dd5ceae78ec06675794ab7,น.9 ต.ชีวาน ส.ส.5_18 (บช).pdf,normal,partylist,TRUE,FALSE,FALSE,"candidate_sum_fail (sum=306, valid_votes=279)",,
189ea2f4f4a10fa94f74375cb94d9ff1,น.5 ต.ชีวาน ส.ส.5_18 (บช).pdf,normal,district,FALSE,FALSE,FALSE,"ocr_extra_candidates:[10, 11, 12, 13, 14, 15, 16, 17, 18, 19, 20, 21, 22, 23, 24, 25, 26, 27, 28, 29, 30, 31, 32, 33, 34, 35, 36, 37, 38, 39, 40, 41, 42, 43, 44, 45, 46, 47, 48, 49, 50, 51, 52, 53, 54, 55, 56, 57] | ballot_math_fail (total=197, valid+void+spoiled=194) | candidate_sum_fail (sum=23, valid_votes=165)",,
190d6d0f36efd27ad5d87ca33aa82497,ขามเฒ่า น.4.pdf,normal,district,FALSE,TRUE,FALSE,"null_header_field:eligible_voters | ballot_math_fail (total=315, valid+void+spoiled=321)",,
190d6d0f36efd27ad5d87ca33aa82497,ขามเฒ่า น.4.pdf,normal,partylist,FALSE,FALSE,FALSE,null_header_field:total_ballots | null_header_field:valid_votes | null_header_field:void_ballots | null_header_field:spoiled_ballots,,
1c8ba052964145649d3fde915d69e1f3,ลำคอหงษ์ น.1.pdf,normal,district,TRUE,TRUE,TRUE,,,
1c8ba052964145649d3fde915d69e1f3,ลำคอหงษ์ น.1.pdf,normal,partylist,TRUE,FALSE,FALSE,"ocr_missed_candidates:[30, 31, 32, 33, 34, 35, 36, 37, 38, 39, 40, 41, 42, 43, 44, 45, 46, 47, 48, 49, 50, 51, 52] | candidate_sum_fail (sum=15601, valid_votes=106)",,
1cd37fa4edbbaeb75dd50e502d334240,ขามเฒ่า น.14.pdf,normal,district,FALSE,FALSE,FALSE,null_header_field:total_ballots | null_header_field:valid_votes | null_header_field:void_ballots | null_header_field:spoiled_ballots,,
1cd37fa4edbbaeb75dd50e502d334240,ขามเฒ่า น.14.pdf,normal,partylist,TRUE,FALSE,FALSE,"candidate_sum_fail (sum=93, valid_votes=140)",,
1d09187e57d0477f9258c24ff39f001c,ลำมูล น.6 10-2-69 09.51.pdf,normal,district,FALSE,FALSE,FALSE,"null_header_field:total_ballots | null_header_field:void_ballots | ocr_missed_candidates:[7, 8, 9] | candidate_sum_fail (sum=289, valid_votes=556)",,
1d09187e57d0477f9258c24ff39f001c,ลำมูล น.6 10-2-69 09.51.pdf,normal,partylist,TRUE,FALSE,FALSE,"candidate_sum_fail (sum=515, valid_votes=513)",,
1ea5f32e7afe9409dde7761a484c6e42,น.1 ต.ท่าหลวง ส.ส.5_18.pdf,normal,district,TRUE,TRUE,TRUE,null_header_field:eligible_voters,,
1ec34c1294afa32512d0666a8162c44d,น.1 ต.สัมฤทธิ์ ส.ส.5_18.pdf,normal,district,TRUE,TRUE,TRUE,,,
20298fcae0682f278fa4d66a287dd1dd,ตำบลธารปราสาท หน่วยที่6 หมู่ที่ 12.pdf,normal,district,TRUE,FALSE,FALSE,"candidate_sum_fail (sum=503, valid_votes=447)",,
20298fcae0682f278fa4d66a287dd1dd,ตำบลธารปราสาท หน่วยที่6 หมู่ที่ 12.pdf,normal,partylist,FALSE,FALSE,FALSE,"ballot_math_fail (total=480, valid+void+spoiled=500) | candidate_sum_fail (sum=321, valid_votes=427)",,
21a8c29a910298cacaa5b5acbd74748c,518บช หน่วย13.pdf,normal,district,TRUE,FALSE,FALSE,"ocr_extra_candidates:[10, 11, 12, 13, 14, 15, 16, 17, 18, 19, 20, 21, 22, 23, 24, 25, 26, 27, 28, 29, 30, 31, 32, 33, 34, 35, 36, 37, 38, 39, 40, 41, 42, 43, 44, 45, 46, 47, 48, 49, 50, 51, 52, 53, 54, 55, 56, 57] | candidate_sum_fail (sum=105, valid_votes=288)",,
223a32f8ad951a6cf6a87628b2b13eaf,น.9.pdf,normal,district,TRUE,FALSE,FALSE,"candidate_sum_fail (sum=268, valid_votes=270)",,
223a32f8ad951a6cf6a87628b2b13eaf,น.9.pdf,normal,partylist,TRUE,TRUE,TRUE,null_header_field:eligible_voters,,
23312792843a819123d59e0984dd9110,"ตำบลธารปราสาท หน่วยที่ 10 หมู่ที่ 1,12,15.pdf",normal,district,TRUE,FALSE,FALSE,"ocr_missed_candidates:[7, 8, 9] | candidate_sum_fail (sum=83, valid_votes=104)",,
23312792843a819123d59e0984dd9110,"ตำบลธารปราสาท หน่วยที่ 10 หมู่ที่ 1,12,15.pdf",normal,partylist,TRUE,FALSE,FALSE,"ocr_missed_candidates:[7, 8, 9, 10, 11, 12, 13, 14, 15, 16, 17, 18, 19, 20, 21, 22, 23, 24, 25, 26, 27, 28, 29] | candidate_sum_fail (sum=12, valid_votes=101)",,
237715788c82c4eb8cb13b5acbcaca68,สส.5ทับ18(บช).pdf,normal,partylist,FALSE,FALSE,FALSE,"ballot_math_fail (total=465, valid+void+spoiled=469) | candidate_sum_fail (sum=450, valid_votes=442)",,
24ce28abf37774d6b54038ecdc87cc08,ทต.มะค่า น.2.pdf,normal,district,FALSE,TRUE,FALSE,null_header_field:total_ballots,,
24ce28abf37774d6b54038ecdc87cc08,ทต.มะค่า น.2.pdf,normal,district,TRUE,FALSE,FALSE,"ocr_extra_candidates:[10, 11, 12, 13, 14, 15, 16, 17, 18, 19, 20, 21, 22, 23, 24, 25, 26, 27, 28, 29, 30, 31, 32, 33, 34, 35, 36, 37, 38, 39, 40, 41, 42, 43, 44, 45, 46, 47, 48, 49, 50, 51, 52, 53, 54, 55, 56, 57] | candidate_sum_fail (sum=73, valid_votes=256)",,
253e38f07e33e0b09f3b6e390395bf2f,ลำคอหงษ์ น.2.pdf,normal,district,FALSE,TRUE,FALSE,"ballot_math_fail (total=530, valid+void+spoiled=527)",,
253e38f07e33e0b09f3b6e390395bf2f,ลำคอหงษ์ น.2.pdf,normal,partylist,FALSE,FALSE,FALSE,"ballot_math_fail (total=537, valid+void+spoiled=541) | candidate_sum_fail (sum=486, valid_votes=493)",,
25439ce282cada8af41e7524b769784b,พลสงคราม น.2 10-2-69 10.02.pdf,normal,district,TRUE,FALSE,FALSE,"ocr_missed_candidates:[7, 8, 9] | candidate_sum_fail (sum=161, valid_votes=323)",,
25439ce282cada8af41e7524b769784b,พลสงคราม น.2 10-2-69 10.02.pdf,normal,partylist,TRUE,FALSE,FALSE,"candidate_sum_fail (sum=248, valid_votes=308)",,
255517635f4a8f5a38e48abbcd977f9f,หน่วยที่ 12 ตำบลใหม่.pdf,normal,district,TRUE,FALSE,FALSE,"ocr_missed_candidates:[7, 8, 9] | candidate_sum_fail (sum=278, valid_votes=494)",,
255517635f4a8f5a38e48abbcd977f9f,หน่วยที่ 12 ตำบลใหม่.pdf,normal,partylist,TRUE,FALSE,FALSE,"ocr_missed_candidates:[7, 8, 9, 10, 11, 12, 13, 14, 15, 16, 17, 18, 19, 20, 21, 22, 23, 24, 25, 26, 27, 28, 29] | ocr_extra_candidates:[70, 81, 92, 103, 114, 125, 136, 147, 158, 169, 170, 181, 192, 203, 214, 225, 236, 247, 258, 269, 2710, 2811, 2912] | candidate_sum_fail (sum=342, valid_votes=498)",,
258fde22916f00493219d47f0d25e16d,โตนด น.1.pdf,normal,district,TRUE,FALSE,FALSE,"candidate_sum_fail (sum=573, valid_votes=571)",,
258fde22916f00493219d47f0d25e16d,โตนด น.1.pdf,normal,partylist,TRUE,FALSE,FALSE,"candidate_sum_fail (sum=521, valid_votes=563)",,
25aa62daeb3117304066272464179915,ดอนชมพู 6.pdf,normal,district,TRUE,FALSE,FALSE,"candidate_sum_fail (sum=356, valid_votes=336)",,
25aa62daeb3117304066272464179915,ดอนชมพู 6.pdf,normal,partylist,FALSE,FALSE,FALSE,null_header_field:voter_turnout | null_header_field:total_ballots | null_header_field:valid_votes | null_header_field:void_ballots | null_header_field:spoiled_ballots,,
26114f9db6dc9ae14ec1f38c67efec54,น.10 ต.สัมฤทธิ์ ส.ส.5_18.pdf,normal,district,TRUE,TRUE,TRUE,,,
263a9aee741a0507952415fad5043316,นอกเขต ชุดที่ 3.pdf,advance_in_district,district,TRUE,TRUE,TRUE,,,
263a9aee741a0507952415fad5043316,นอกเขต ชุดที่ 3.pdf,advance_in_district,partylist,FALSE,FALSE,FALSE,"ballot_math_fail (total=607, valid+void+spoiled=640) | candidate_sum_fail (sum=552, valid_votes=607)",,
280028d85423d08de01cece8fe2a7252,สส5ทับ18.pdf,normal,district,TRUE,TRUE,TRUE,,,
2834b02020982d69837830d32705f4c8,พลสงคราม น.13 10-2-69 10.33.pdf,normal,district,FALSE,FALSE,FALSE,"ballot_math_fail (total=146, valid+void+spoiled=148) | candidate_sum_fail (sum=137, valid_votes=139)",,
2834b02020982d69837830d32705f4c8,พลสงคราม น.13 10-2-69 10.33.pdf,normal,partylist,TRUE,FALSE,FALSE,"candidate_sum_fail (sum=497, valid_votes=131)",,
286e424890f71330b00d95800bd1d6ce,บิง น.11.pdf,normal,district,FALSE,TRUE,FALSE,null_header_field:total_ballots,,
286e424890f71330b00d95800bd1d6ce,บิง น.11.pdf,normal,partylist,TRUE,TRUE,TRUE,,,
28d48750cfcee755760f22a1fde8cece,บิง น.5.pdf,normal,district,FALSE,FALSE,FALSE,"null_header_field:eligible_voters | ballot_math_fail (total=391, valid+void+spoiled=371) | candidate_sum_fail (sum=349, valid_votes=345)",,
28d48750cfcee755760f22a1fde8cece,บิง น.5.pdf,normal,partylist,TRUE,TRUE,TRUE,,,
29d29923896aed90aa0b5bc4d447ad89,บิง น.6.pdf,normal,district,TRUE,FALSE,FALSE,"candidate_sum_fail (sum=208, valid_votes=206)",,
29d29923896aed90aa0b5bc4d447ad89,บิง น.6.pdf,normal,partylist,FALSE,FALSE,FALSE,null_header_field:total_ballots | null_header_field:valid_votes | null_header_field:void_ballots | null_header_field:spoiled_ballots,,
2a4638f5c9e156e3c73a2d123f7032e2,ด่านคล่า น.6 .pdf,normal,district,TRUE,TRUE,TRUE,,,
2a4638f5c9e156e3c73a2d123f7032e2,ด่านคล่า น.6 .pdf,normal,partylist,TRUE,FALSE,FALSE,"candidate_sum_fail (sum=225, valid_votes=228)",,
2be8d00c980cc4f48a4a7ccaf041dcdc,ลำคอหงษ์ น.10.pdf,normal,district,FALSE,TRUE,FALSE,"ballot_math_fail (total=6, valid+void+spoiled=96)",,
2be8d00c980cc4f48a4a7ccaf041dcdc,ลำคอหงษ์ น.10.pdf,normal,partylist,TRUE,TRUE,TRUE,,,
2cc2da5f04de874658147aa141569c6f,สส.5ทับ18(บช).pdf,normal,partylist,TRUE,FALSE,FALSE,"candidate_sum_fail (sum=158, valid_votes=254)",,
2cee8c7723126fc0e303dd594987ae11,หน่วยที่ 7 ตำบลจันอัด.pdf,normal,district,FALSE,FALSE,FALSE,"ocr_missed_candidates:[7, 8, 9] | ballot_math_fail (total=316, valid+void+spoiled=376) | candidate_sum_fail (sum=145, valid_votes=259)",,
2cee8c7723126fc0e303dd594987ae11,หน่วยที่ 7 ตำบลจันอัด.pdf,normal,partylist,FALSE,FALSE,FALSE,"null_header_field:station_number | ocr_missed_candidates:[7, 8, 9] | ocr_extra_candidates:[70, 81, 92] | ballot_math_fail (total=316, valid+void+spoiled=318) | candidate_sum_fail (sum=202, valid_votes=269)",,
2d569ecf13128288424898f22f961c15,ขามเฒ่า น.6.pdf,normal,district,FALSE,TRUE,FALSE,"ballot_math_fail (total=293, valid+void+spoiled=515)",,
2d569ecf13128288424898f22f961c15,ขามเฒ่า น.6.pdf,normal,partylist,TRUE,FALSE,FALSE,"candidate_sum_fail (sum=184, valid_votes=285)",,
2db13ee14626cd9d7ce63cd76e84f8f0,น.11.pdf,normal,district,TRUE,TRUE,TRUE,,,
2db13ee14626cd9d7ce63cd76e84f8f0,น.11.pdf,normal,partylist,TRUE,FALSE,FALSE,"candidate_sum_fail (sum=306, valid_votes=278)",,
2dd20f23bd3cb633752b00bb65429d5f,หน่วยที่ 16 ตำบลใหม่.pdf,normal,district,FALSE,TRUE,FALSE,"ballot_math_fail (total=390, valid+void+spoiled=310)",,
2dd20f23bd3cb633752b00bb65429d5f,หน่วยที่ 16 ตำบลใหม่.pdf,normal,partylist,TRUE,FALSE,FALSE,"candidate_sum_fail (sum=272, valid_votes=276)",,
2e6619c2fc25832b51377e378cb1f9b9,น.9 ต.สัมฤทธิ์ ส.ส.5_18 (บช).pdf,normal,partylist,TRUE,TRUE,TRUE,ocr_missed_candidates:[52],,
31651a97e1f282dab12996e7c8c909a4,น.6 ต.สัมฤทธิ์ ส.ส.5_18.pdf,normal,district,TRUE,TRUE,TRUE,,,
31b61bde306e7acada7d42a364e4b112,น.10 ต.กระเบื้องใหญ่ ส.ส.5_18.pdf,normal,district,TRUE,TRUE,TRUE,,,
31eb88296bdb937589034b91576bd5a7,น.7 ต.ท่าหลวง ส.ส.5_18.pdf,normal,district,TRUE,FALSE,FALSE,"candidate_sum_fail (sum=96, valid_votes=94)",,
3276d94dafde679b6718020882e6e506,น.15 ต.สัมฤทธิ์ ส.ส.5_18 (บช).pdf,normal,partylist,FALSE,FALSE,FALSE,"ballot_math_fail (total=368, valid+void+spoiled=374) | candidate_sum_fail (sum=217, valid_votes=326)",,
3290ade69d1e0bf346f1c44abe2fa03d,มะค่า น.9.pdf,normal,district,TRUE,TRUE,TRUE,,,
3290ade69d1e0bf346f1c44abe2fa03d,มะค่า น.9.pdf,normal,partylist,TRUE,FALSE,FALSE,"candidate_sum_fail (sum=217, valid_votes=223)",,
334aac39ba974a33d8d5ef758e1efd9f,สส5ทับ18(บช).pdf,normal,district,TRUE,FALSE,FALSE,"ocr_extra_candidates:[10, 11, 12, 13, 14, 15, 16, 17, 18, 19, 20, 21, 22, 23, 24, 25, 26, 27, 28, 29, 30, 31, 32, 33, 34, 35, 36, 37, 38, 39, 40, 41, 42, 43, 44, 45, 46, 47, 48, 49, 50, 51, 52, 53, 54, 55, 56, 57] | candidate_sum_fail (sum=119, valid_votes=280)",,
334e8e5a120b090b2c26b983633f6c17,น.7 ต.ท่าหลวง ส.ส.5_18 (บช).pdf,normal,partylist,TRUE,TRUE,TRUE,,,
33eeb061ecc9062a3ba9664b6d33b3b7,บิง น.7.pdf,normal,district,TRUE,FALSE,FALSE,"candidate_sum_fail (sum=124, valid_votes=122)",,
33eeb061ecc9062a3ba9664b6d33b3b7,บิง น.7.pdf,normal,partylist,TRUE,TRUE,TRUE,,,
3595143bd10fbfe0f372ba1e193f2528,"ตำบลธารปราสาท หน่วยที่ 4 หมู่ที่6,8.pdf",normal,district,TRUE,FALSE,FALSE,"ocr_extra_candidates:[10, 11, 12, 13, 14, 15, 16, 17, 18, 19, 20, 21, 22, 23, 24, 25, 26, 27, 28, 29, 53, 54, 55, 56, 57] | candidate_sum_fail (sum=277, valid_votes=319)",,
365076b951c1b41187035d7f555bda3d,ช.7.pdf,advance_out_of_district,district,TRUE,FALSE,FALSE,"candidate_sum_fail (sum=1323, valid_votes=622)",,
365076b951c1b41187035d7f555bda3d,ช.7.pdf,advance_out_of_district,partylist,TRUE,FALSE,FALSE,"ocr_missed_candidates:[1, 2, 3, 4, 5, 6, 7, 8] | candidate_sum_fail (sum=654, valid_votes=680)",,
365b8c41c3fa6b9bda430ea828a5dc59,ทต.โนนสูง หน่วยที่ 6.pdf,normal,district,TRUE,TRUE,TRUE,,,
365b8c41c3fa6b9bda430ea828a5dc59,ทต.โนนสูง หน่วยที่ 6.pdf,normal,partylist,TRUE,TRUE,TRUE,,,
36ab0416cd2744085722e75759428973,ทต.ตลาดแค น.6.pdf,normal,district,FALSE,FALSE,FALSE,"ballot_math_fail (total=480, valid+void+spoiled=512) | candidate_sum_fail (sum=503, valid_votes=479)",,
36ab0416cd2744085722e75759428973,ทต.ตลาดแค น.6.pdf,normal,partylist,FALSE,FALSE,FALSE,"ballot_math_fail (total=480, valid+void+spoiled=540) | candidate_sum_fail (sum=431, valid_votes=427)",,
36ca5d2ece3f096f6d6f38968a13f0bb,น.9 ต.ท่าหลวง ส.ส.5_18.pdf,normal,district,TRUE,TRUE,TRUE,,,
36cf987c0b8dc650b710d1ad5bb3a733,ช.5.pdf,advance_out_of_district,district,FALSE,FALSE,FALSE,"ocr_missed_candidates:[9] | ballot_math_fail (total=640, valid+void+spoiled=670) | candidate_sum_fail (sum=557, valid_votes=566)",,
36cf987c0b8dc650b710d1ad5bb3a733,ช.5.pdf,advance_out_of_district,partylist,FALSE,FALSE,FALSE,"ocr_missed_candidates:[1, 2, 3, 4, 5, 6, 7, 8] | ballot_math_fail (total=640, valid+void+spoiled=670) | candidate_sum_fail (sum=589, valid_votes=640)",,
37e4e99d0c85867f7e842820070a715a,น.14 ต.สัมฤทธิ์ ส.ส.5_18 (บช).pdf,normal,partylist,TRUE,FALSE,FALSE,"no_candidates_parsed | ocr_missed_candidates:[7, 8, 9, 10, 11, 12, 13, 14, 15, 16, 17, 18, 19, 20, 21, 22, 23, 24, 25, 26, 27, 28, 29] | candidate_sum_fail (sum=187, valid_votes=403)",,
3a7c9526ca743762296825c63f48c6bf,ด่านคล่า น.8 .pdf,normal,district,FALSE,FALSE,FALSE,"null_header_field:total_ballots | candidate_sum_fail (sum=158, valid_votes=162)",,
3a7c9526ca743762296825c63f48c6bf,ด่านคล่า น.8 .pdf,normal,district,TRUE,FALSE,FALSE,"ocr_extra_candidates:[10, 11, 12, 13, 14, 15, 16, 17, 18, 19, 20, 21, 22, 23, 24, 25, 26, 27, 28, 29, 30, 31, 32, 33, 34, 35, 36, 37, 38, 39, 40, 41, 42, 43, 44, 45, 46, 47, 48, 49, 50, 51, 52, 53, 54, 55, 56, 57] | candidate_sum_fail (sum=55, valid_votes=157)",,
3e993a44a161f4ad8cf06a5bbf08935d,ส.ส. 5ทับ18 (บช).pdf,normal,partylist,TRUE,FALSE,FALSE,"candidate_sum_fail (sum=1245, valid_votes=412)",,
3ef6cadc5b8f293dfd78e4323b07934f,น.3 ต.ชีวาน ส.ส.5_18 (บช).pdf,normal,partylist,TRUE,FALSE,FALSE,"candidate_sum_fail (sum=251, valid_votes=311)",,
4114883eae4a7bd709d003151104fc19,หน่วยที่ 3 ตำบลใหม่.pdf,normal,district,TRUE,TRUE,TRUE,,,
4114883eae4a7bd709d003151104fc19,หน่วยที่ 3 ตำบลใหม่.pdf,normal,partylist,TRUE,FALSE,FALSE,"ocr_missed_candidates:[53, 54, 55, 56, 57] | candidate_sum_fail (sum=388, valid_votes=368)",,
41779a3e1280ef74347917db7d60e61d,มะค่า น.14.pdf,normal,district,FALSE,TRUE,FALSE,"ballot_math_fail (total=173, valid+void+spoiled=178)",,
41779a3e1280ef74347917db7d60e61d,มะค่า น.14.pdf,normal,partylist,FALSE,TRUE,FALSE,"ballot_math_fail (total=173, valid+void+spoiled=178)",,
4213f8122674c1e5556619cad3858ccd,พลสงคราม น.3 10-2-69 10.06.pdf,normal,district,TRUE,TRUE,TRUE,,,
4213f8122674c1e5556619cad3858ccd,พลสงคราม น.3 10-2-69 10.06.pdf,normal,partylist,TRUE,FALSE,FALSE,"null_header_field:eligible_voters | candidate_sum_fail (sum=321, valid_votes=293)",,
422af586037da65a2124c64bde63300f,โตนด น.9.pdf,normal,district,TRUE,TRUE,TRUE,,,
422af586037da65a2124c64bde63300f,โตนด น.9.pdf,normal,partylist,TRUE,FALSE,FALSE,"null_header_field:eligible_voters | candidate_sum_fail (sum=70, valid_votes=263)",,
422e62148f1c533af1a7fe2ed83b7790,สส.5ทับ18(บช).pdf,normal,partylist,TRUE,FALSE,FALSE,"ocr_missed_candidates:[53, 54, 55, 56, 57] | candidate_sum_fail (sum=574, valid_votes=507)",,
427895a8d3c185db8247f0a2b1b5883a,สส.5ทับ18.pdf,normal,district,FALSE,FALSE,FALSE,"ballot_math_fail (total=433, valid+void+spoiled=233) | candidate_sum_fail (sum=405, valid_votes=205)",,
42f3ac085363984bb79419b961fb288c,หน่วยที่ 3 ตำบลจันอัด.pdf,normal,district,FALSE,FALSE,FALSE,null_header_field:total_ballots | null_header_field:valid_votes,,
42f3ac085363984bb79419b961fb288c,หน่วยที่ 3 ตำบลจันอัด.pdf,normal,partylist,FALSE,FALSE,FALSE,"null_header_field:total_ballots | ocr_missed_candidates:[1, 2, 3, 4] | candidate_sum_fail (sum=192, valid_votes=204)",,
42ffe15a76c5f40554214e62b5da7c46,บิง น.9.pdf,normal,district,TRUE,FALSE,FALSE,"candidate_sum_fail (sum=213, valid_votes=233)",,
42ffe15a76c5f40554214e62b5da7c46,บิง น.9.pdf,normal,partylist,TRUE,FALSE,FALSE,"candidate_sum_fail (sum=186, valid_votes=234)",,
43090cf326bff7fde68ed106156a1cca,ลำคอหงษ์ น.7.pdf,normal,district,TRUE,TRUE,TRUE,,,
43090cf326bff7fde68ed106156a1cca,ลำคอหงษ์ น.7.pdf,normal,partylist,TRUE,TRUE,TRUE,,,
430d48aa326d60f62f6aaa74c715e0d0,น.4 ต.สัมฤทธิ์ ส.ส.5_18 (บช).pdf,normal,partylist,TRUE,FALSE,FALSE,"candidate_sum_fail (sum=90, valid_votes=88)",,
43e9c59b130a34ac0b37492f907bb848,หน่วยที่ 5 ตำบลดอนหวาย.pdf,normal,district,TRUE,FALSE,FALSE,"ocr_extra_candidates:[14, 15, 19, 20] | candidate_sum_fail (sum=302, valid_votes=322)",,
43e9c59b130a34ac0b37492f907bb848,หน่วยที่ 5 ตำบลดอนหวาย.pdf,normal,partylist,FALSE,FALSE,FALSE,"ballot_math_fail (total=359, valid+void+spoiled=351) | candidate_sum_fail (sum=235, valid_votes=319)",,
448285aed146a23ec0d83efee7410591,ส.ส 5ทับ18 (บช).pdf,normal,partylist,TRUE,FALSE,FALSE,"candidate_sum_fail (sum=229, valid_votes=257)",,
4523cae4e945fd8b4ee04602fe922c56,มะค่า น.1.pdf,normal,district,FALSE,FALSE,FALSE,"ballot_math_fail (total=193, valid+void+spoiled=191) | candidate_sum_fail (sum=174, valid_votes=181)",,
4523cae4e945fd8b4ee04602fe922c56,มะค่า น.1.pdf,normal,partylist,TRUE,FALSE,FALSE,"candidate_sum_fail (sum=519, valid_votes=169)",,
45bfa9fdb1168621fdbafec0884a479e,ต.ดอนหวาย หน่วยที่ 1.pdf,normal,district,TRUE,TRUE,TRUE,,,
45bfa9fdb1168621fdbafec0884a479e,ต.ดอนหวาย หน่วยที่ 1.pdf,normal,partylist,FALSE,FALSE,FALSE,"ballot_math_fail (total=422, valid+void+spoiled=402) | candidate_sum_fail (sum=617, valid_votes=377)",,
461ce6504f60f29f828be3b0710f67f4,ทต.ตลาดแค น.2.pdf,normal,district,TRUE,TRUE,TRUE,,,
461ce6504f60f29f828be3b0710f67f4,ทต.ตลาดแค น.2.pdf,normal,partylist,TRUE,FALSE,FALSE,"candidate_sum_fail (sum=300, valid_votes=303)",,
46870adde6ac01a0fb1a0390be208363,ขามเฒ่า น.3.pdf,normal,district,TRUE,TRUE,TRUE,null_header_field:spoiled_ballots,,
46870adde6ac01a0fb1a0390be208363,ขามเฒ่า น.3.pdf,normal,partylist,FALSE,FALSE,FALSE,"ballot_math_fail (total=152, valid+void+spoiled=147) | candidate_sum_fail (sum=133, valid_votes=137)",,
46a6443f23bf547655d46c931dc01dae,มะค่า น.7.pdf,normal,district,FALSE,FALSE,FALSE,"ballot_math_fail (total=242, valid+void+spoiled=750) | candidate_sum_fail (sum=6907, valid_votes=250)",,
46a6443f23bf547655d46c931dc01dae,มะค่า น.7.pdf,normal,partylist,FALSE,FALSE,FALSE,"ballot_math_fail (total=242, valid+void+spoiled=283) | candidate_sum_fail (sum=217, valid_votes=250)",,
46b0795f82e1c968f10e43732800c209,น.7.pdf,normal,district,FALSE,FALSE,FALSE,"ballot_math_fail (total=262, valid+void+spoiled=242) | candidate_sum_fail (sum=249, valid_votes=229)",,
46b0795f82e1c968f10e43732800c209,น.7.pdf,normal,partylist,TRUE,FALSE,FALSE,"candidate_sum_fail (sum=140, valid_votes=243)",,
46bb112527a89a53792ad804f3713804,น.15 ต.สัมฤทธิ์ ส.ส.5_18.pdf,normal,district,FALSE,FALSE,FALSE,"ballot_math_fail (total=368, valid+void+spoiled=408) | candidate_sum_fail (sum=338, valid_votes=378)",,
4786e1cd838a5f2b9562c1a5c135ad1d,น.1 ต.ท่าหลวง ส.ส.5_18 (บช).pdf,normal,partylist,FALSE,FALSE,FALSE,"ballot_math_fail (total=373, valid+void+spoiled=369) | candidate_sum_fail (sum=336, valid_votes=340)",,
48593edb30971a03bd9c47ae8a51eb17,น.2.pdf,normal,district,TRUE,TRUE,TRUE,,,
48593edb30971a03bd9c47ae8a51eb17,น.2.pdf,normal,partylist,TRUE,FALSE,FALSE,"ocr_missed_candidates:[53, 54, 55, 56, 57] | candidate_sum_fail (sum=95, valid_votes=90)",,
488698f247041d19abeb428a9de79053,ทต.โนนสูง หน่วยที่ 2.pdf,normal,district,FALSE,FALSE,FALSE,"null_header_field:moo | ballot_math_fail (total=297, valid+void+spoiled=567) | candidate_sum_fail (sum=263, valid_votes=260)",,
488698f247041d19abeb428a9de79053,ทต.โนนสูง หน่วยที่ 2.pdf,normal,partylist,TRUE,TRUE,TRUE,null_header_field:moo | null_header_field:voter_turnout,,
489959da3c8011d472abc9146bb6ac4f,ด่านคล่า น.12.pdf,normal,district,TRUE,TRUE,TRUE,"ocr_extra_candidates:[12, 19, 20]",,
489959da3c8011d472abc9146bb6ac4f,ด่านคล่า น.12.pdf,normal,partylist,TRUE,TRUE,TRUE,,,
495ace2d52dc5538c87ba377476246ab,หลุมข้าว น.6.pdf,normal,district,TRUE,FALSE,FALSE,"candidate_sum_fail (sum=169, valid_votes=156)",,
495ace2d52dc5538c87ba377476246ab,หลุมข้าว น.6.pdf,normal,partylist,TRUE,FALSE,FALSE,"candidate_sum_fail (sum=176, valid_votes=155)",,
49c2fca22bc3e0ae30f2ee448fb61429,ทต.มะค่า น.3.pdf,normal,district,TRUE,TRUE,TRUE,,,
49c2fca22bc3e0ae30f2ee448fb61429,ทต.มะค่า น.3.pdf,normal,partylist,TRUE,TRUE,TRUE,,,
49c7877fcf251381e1d03b8d73dbb7ac,หน่วยที่ 2 ตำบลใหม่.pdf,normal,district,FALSE,TRUE,FALSE,"ballot_math_fail (total=626, valid+void+spoiled=606)",,
49c7877fcf251381e1d03b8d73dbb7ac,หน่วยที่ 2 ตำบลใหม่.pdf,normal,partylist,TRUE,FALSE,FALSE,"candidate_sum_fail (sum=597, valid_votes=537)",,
4a553ce82ffddef01becbd2195a88b21,น.1 ต.ชีวาน ส.ส.5_18.pdf,normal,district,TRUE,TRUE,TRUE,,,
4ada832d1368f2fef6f877246272581b,ตำบลธารปราสาท หน่วยที่ 15 หมู่ที่ 19.pdf,normal,district,TRUE,TRUE,TRUE,,,
4ada832d1368f2fef6f877246272581b,ตำบลธารปราสาท หน่วยที่ 15 หมู่ที่ 19.pdf,normal,partylist,TRUE,FALSE,FALSE,"null_header_field:district | candidate_sum_fail (sum=178, valid_votes=183)",,
4bfc6c511899063fdd7e041f27f446cf,ด่านคล่า น.13.pdf,normal,district,TRUE,TRUE,TRUE,,,
4bfc6c511899063fdd7e041f27f446cf,ด่านคล่า น.13.pdf,normal,partylist,TRUE,TRUE,TRUE,,,
4c01008bc959b15da905174e6c603efa,น.5 ต.สัมฤทธิ์ ส.ส.5_18.pdf,normal,district,TRUE,TRUE,TRUE,null_header_field:eligible_voters,,
4d4b348318b2904de34d8eabc6ec4327,น.4 ต.กระเบื้องใหญ่ ส.ส.5_18 (บช).pdf,normal,partylist,FALSE,FALSE,FALSE,"ballot_math_fail (total=327, valid+void+spoiled=227) | candidate_sum_fail (sum=308, valid_votes=200)",,
4d5a069fbfdff3caeabca03540c1ff33,โตนด น.2.pdf,normal,district,FALSE,FALSE,FALSE,null_header_field:total_ballots | null_header_field:valid_votes | null_header_field:void_ballots | null_header_field:spoiled_ballots,,
4d5a069fbfdff3caeabca03540c1ff33,โตนด น.2.pdf,normal,partylist,TRUE,FALSE,FALSE,"candidate_sum_fail (sum=282, valid_votes=296)",,
4e4f51f2d7e17788bf418c70d9bc5a77,สส.5ทับ18.pdf,normal,district,FALSE,FALSE,FALSE,"ballot_math_fail (total=226, valid+void+spoiled=224) | candidate_sum_fail (sum=218, valid_votes=216)",,
4e726109cb45a55f2802cb40a53e44c1,ลำคอหงษ์ น.5.pdf,normal,district,TRUE,TRUE,TRUE,,,
4e726109cb45a55f2802cb40a53e44c1,ลำคอหงษ์ น.5.pdf,normal,partylist,TRUE,FALSE,FALSE,"candidate_sum_fail (sum=435, valid_votes=433)",,
5106ffcebba88f2c91869289125b385a,น.16 ต.สัมฤทธิ์ ส.ส.5_18.pdf,normal,district,TRUE,TRUE,TRUE,,,
514a66780878be7ab86758251edba4db,หน่วยที่ 4 ตำบลดอนหวาย.pdf,normal,district,FALSE,FALSE,FALSE,"ballot_math_fail (total=248, valid+void+spoiled=253) | candidate_sum_fail (sum=234, valid_votes=239)",,
514a66780878be7ab86758251edba4db,หน่วยที่ 4 ตำบลดอนหวาย.pdf,normal,partylist,TRUE,FALSE,FALSE,"candidate_sum_fail (sum=230, valid_votes=224)",,
517cd08b7e58ed3bd3b0885e381feeb9,น.3.pdf,normal,district,TRUE,TRUE,TRUE,,,
517cd08b7e58ed3bd3b0885e381feeb9,น.3.pdf,normal,partylist,TRUE,FALSE,FALSE,"candidate_sum_fail (sum=302, valid_votes=366)",,
52e89eafc2ba8694933102e7ad412d64,น.8 ต.ชีวาน ส.ส.5_18.pdf,normal,district,TRUE,TRUE,TRUE,,,
5328d57cf0ed6c57a6fcf9123b42521c,อส.4ทับ7.pdf,,,FALSE,FALSE,FALSE,"ocr_missed_candidates:[1, 2, 4, 5, 6, 7, 8, 9]",,
54a6533fee5f41a6ac9d3f990ddacdee,น.5.pdf,normal,district,TRUE,TRUE,TRUE,,,
54a6533fee5f41a6ac9d3f990ddacdee,น.5.pdf,normal,partylist,TRUE,FALSE,FALSE,"candidate_sum_fail (sum=76, valid_votes=133)",,
56a6506ea4989c5ba2f0a7e459679643,ด่านคล่า น.5 .pdf,normal,district,TRUE,TRUE,TRUE,,,
56a6506ea4989c5ba2f0a7e459679643,ด่านคล่า น.5 .pdf,normal,partylist,TRUE,TRUE,TRUE,,,
573f138d94c4d896fae7389c15f79181,น.8 ต.ชีวาน ส.ส.5_18 (บช).pdf,normal,partylist,FALSE,TRUE,FALSE,"ballot_math_fail (total=177, valid+void+spoiled=172)",,
5821db70132f15cecc2384d634f608f1,ตำบลธารปราสาท หน่วยที่ 5 หมู่ที่ 7.pdf,normal,district,FALSE,FALSE,FALSE,"null_header_field:void_ballots | null_header_field:spoiled_ballots | ballot_math_fail (total=362, valid+void+spoiled=2737) | candidate_sum_fail (sum=337, valid_votes=2737)",,
5821db70132f15cecc2384d634f608f1,ตำบลธารปราสาท หน่วยที่ 5 หมู่ที่ 7.pdf,normal,partylist,TRUE,TRUE,TRUE,"ocr_missed_candidates:[53, 54, 55, 56, 57]",,
584ffe8c313526220bdde2b90679af78,ลำคอหงษ์ น.4.pdf,normal,district,TRUE,FALSE,FALSE,"candidate_sum_fail (sum=252, valid_votes=172)",,
584ffe8c313526220bdde2b90679af78,ลำคอหงษ์ น.4.pdf,normal,partylist,TRUE,FALSE,FALSE,"candidate_sum_fail (sum=72, valid_votes=172)",,
58766410195c48badd15c53c76e999e7,น.8 ต.กระเบื้องใหญ่ ส.ส.5_18.pdf,normal,district,TRUE,TRUE,TRUE,,,
58fe7e7e4363d596cb31ec069e7fa728,หลุมข้าว น.10.pdf,normal,district,FALSE,FALSE,FALSE,"ballot_math_fail (total=768, valid+void+spoiled=428) | candidate_sum_fail (sum=467, valid_votes=397)",,
58fe7e7e4363d596cb31ec069e7fa728,หลุมข้าว น.10.pdf,normal,partylist,FALSE,FALSE,FALSE,"null_header_field:total_ballots | candidate_sum_fail (sum=1201, valid_votes=329)",,
5a2e41c2be498ab54a71f2eb76b3b2cb,น.16 ต.สัมฤทธิ์ ส.ส.5_18 (บช).pdf,normal,partylist,TRUE,FALSE,FALSE,"candidate_sum_fail (sum=278, valid_votes=304)",,
5af4ffc722a633a185184a9201c4f81d,ดอนชมพู น.1.pdf,normal,district,TRUE,TRUE,TRUE,,,
5af4ffc722a633a185184a9201c4f81d,ดอนชมพู น.1.pdf,normal,district,TRUE,FALSE,FALSE,"ocr_extra_candidates:[10, 11, 12, 13, 14, 15, 16, 17, 18, 19, 20, 21, 22, 23, 24, 25, 26, 27, 28, 29, 30, 31, 32, 33, 34, 35, 36, 37, 38, 39, 40, 41, 42, 43, 44, 45, 46, 47, 48, 49, 50, 51, 52, 53, 54, 55, 56, 57] | candidate_sum_fail (sum=120, valid_votes=383)",,
5b207d9189b0bbb40bb7d638f4eb001a,สส.5ทับ18(บช).pdf,normal,partylist,TRUE,TRUE,TRUE,,,
5c45729b16a76c06ef9bfe6b8f71d2c4,ทต.โนนสูง หน่วยที่ 13.pdf,normal,district,TRUE,FALSE,FALSE,"null_header_field:moo | candidate_sum_fail (sum=435, valid_votes=235)",,
5c45729b16a76c06ef9bfe6b8f71d2c4,ทต.โนนสูง หน่วยที่ 13.pdf,normal,partylist,TRUE,FALSE,FALSE,"null_header_field:moo | candidate_sum_fail (sum=232, valid_votes=242)",,
5cdf9367f67d15f398caeecded366dab,โตนด น.11.pdf,normal,district,TRUE,FALSE,FALSE,"ocr_extra_candidates:[11] | candidate_sum_fail (sum=105, valid_votes=160)",,
5cdf9367f67d15f398caeecded366dab,โตนด น.11.pdf,normal,partylist,TRUE,TRUE,TRUE,,,
5cdffd3996c9fa42843d85484efd2e55,สว5ทับ18(บช).pdf,normal,partylist,TRUE,TRUE,TRUE,,,
5db9b0e863d86b1c3e5ea9503924b58f,ลำคอหงษ์ น.9.pdf,normal,district,TRUE,FALSE,FALSE,"ocr_missed_candidates:[7, 8, 9] | candidate_sum_fail (sum=84, valid_votes=169)",,
5db9b0e863d86b1c3e5ea9503924b58f,ลำคอหงษ์ น.9.pdf,normal,partylist,FALSE,FALSE,FALSE,"ballot_math_fail (total=181, valid+void+spoiled=188) | candidate_sum_fail (sum=168, valid_votes=163)",,
5e36828133dbbe2951c0e954068c27c2,น.4 ต.ท่าหลวง ส.ส.5_18.pdf,normal,district,TRUE,FALSE,FALSE,"ocr_extra_candidates:[10, 11, 12, 13, 14, 15] | candidate_sum_fail (sum=329, valid_votes=335)",,
5ebf621dbb485d453482f62b258a019d,น.3 ต.สัมฤทธิ์ ส.ส.5_18.pdf,normal,district,TRUE,TRUE,TRUE,,,
5fb1b549b1ec14bfede3cc3a3e3303d8,โตนด น.8.pdf,normal,district,TRUE,TRUE,TRUE,,,
5fb1b549b1ec14bfede3cc3a3e3303d8,โตนด น.8.pdf,normal,partylist,FALSE,TRUE,FALSE,"null_header_field:spoiled_ballots | ballot_math_fail (total=404, valid+void+spoiled=401)",,
5feac47af840507780d084ad3b70e7e8,น.3 ต.สัมฤทธิ์ ส.ส.5_18 (บช).pdf,normal,partylist,FALSE,FALSE,FALSE,"ballot_math_fail (total=562, valid+void+spoiled=564) | candidate_sum_fail (sum=534, valid_votes=529)",,
6007ac671d31fd77ec6c06ddc9a74934,หลุมข้าว น.2.pdf,normal,district,TRUE,FALSE,FALSE,"ocr_extra_candidates:[10, 11, 12, 13, 14, 15, 16, 17, 18, 19, 20] | candidate_sum_fail (sum=328, valid_votes=278)",,
6007ac671d31fd77ec6c06ddc9a74934,หลุมข้าว น.2.pdf,normal,partylist,TRUE,FALSE,FALSE,"candidate_sum_fail (sum=1431, valid_votes=271)",,
60b793a6e0a51c5400a8c3a416ffcd27,น.5 ต.กระเบื้องใหญ่ ส.ส.5_18.pdf,normal,district,FALSE,FALSE,FALSE,"null_header_field:valid_votes | null_header_field:void_ballots | null_header_field:spoiled_ballots | ballot_math_fail (total=310, valid+void+spoiled=0)",,
61b3912f9808d86660e15554df5b7307,หลุมข้าว น.13.pdf,normal,district,TRUE,TRUE,TRUE,,,
61b3912f9808d86660e15554df5b7307,หลุมข้าว น.13.pdf,normal,partylist,TRUE,FALSE,FALSE,"candidate_sum_fail (sum=500, valid_votes=462)",,
621650be07d7f7a7861cd2c995334ca1,สส.5ทับ18.pdf,normal,district,FALSE,FALSE,FALSE,null_header_field:total_ballots | null_header_field:valid_votes | null_header_field:void_ballots | null_header_field:spoiled_ballots | ocr_extra_candidates:[20],,
62c281f9f300de1d165c3e8ce9ac801e,บิง น.4.pdf,normal,district,TRUE,TRUE,TRUE,,,
62c281f9f300de1d165c3e8ce9ac801e,บิง น.4.pdf,normal,partylist,FALSE,TRUE,FALSE,"ballot_math_fail (total=548, valid+void+spoiled=550)",,
62f9566f4b5e25a18e22a0b35c047724,น.9 ต.ชีวาน ส.ส.5_18.pdf,normal,district,TRUE,TRUE,TRUE,,,
640872df2fd92b1cf8ee1a6c309d4dce,สส.5ทับ18.pdf,normal,district,FALSE,FALSE,FALSE,"ballot_math_fail (total=331, valid+void+spoiled=345) | candidate_sum_fail (sum=1054, valid_votes=331)",,
65a2d88700b3545bd9008947d18c7504,น.12 ต.สัมฤทธิ์ ส.ส.5_18.pdf,normal,district,TRUE,FALSE,FALSE,"candidate_sum_fail (sum=258, valid_votes=262)",,
6625033d01a375c1f1b204a665886300,น.2 ต.ท่าหลวง ส.ส.5_18.pdf,normal,district,TRUE,TRUE,TRUE,,,
66a38e62fd8014bba8d0c4ed8a89fb8c,น.7 ต.ชีวาน ส.ส.5_18.pdf,normal,district,FALSE,FALSE,FALSE,"ballot_math_fail (total=220, valid+void+spoiled=360) | candidate_sum_fail (sum=217, valid_votes=267)",,
67c7f449bb3c1e170f595deb775f3b49,ขามเฒ่า น.10.pdf,normal,district,FALSE,FALSE,FALSE,"ocr_missed_candidates:[7, 8, 9] | ballot_math_fail (total=196, valid+void+spoiled=198) | candidate_sum_fail (sum=136, valid_votes=191)",,
67c7f449bb3c1e170f595deb775f3b49,ขามเฒ่า น.10.pdf,normal,district,FALSE,FALSE,FALSE,"ocr_extra_candidates:[10, 11, 12, 13, 14, 15, 16, 17, 18, 19, 20, 21, 22, 23, 24, 25, 26, 27, 28, 29, 30, 31, 32, 33, 34, 35, 36, 37, 38, 39, 40, 41, 42, 43, 44, 45, 46, 47, 48, 49, 50, 51, 52, 53, 54, 55, 56, 57] | ballot_math_fail (total=116, valid+void+spoiled=197) | candidate_sum_fail (sum=65, valid_votes=179)",,
67d65aa7f5208d02d61ee634127892d0,ด่านคล่า น.10.pdf,normal,district,TRUE,FALSE,FALSE,"null_header_field:eligible_voters | ocr_extra_candidates:[10, 11, 12, 13, 14, 15, 16, 17, 18, 19, 20, 21, 22, 23, 24, 25, 26, 27, 28, 29, 30, 31, 32, 33, 34, 35, 36, 37, 38, 39, 40, 41, 42, 43, 44, 45, 46, 47, 48, 49, 50, 51, 52, 53, 54, 55, 56, 57] | candidate_sum_fail (sum=35, valid_votes=331)",,
6888d75039950dcd1d2311e3c4d33212,ดอนชมพู น.10.pdf,normal,district,TRUE,TRUE,TRUE,,,
6888d75039950dcd1d2311e3c4d33212,ดอนชมพู น.10.pdf,normal,partylist,FALSE,FALSE,FALSE,null_header_field:total_ballots | null_header_field:valid_votes | null_header_field:void_ballots | null_header_field:spoiled_ballots,,
69cdb0545163a46fd42e5914500853bb,หน่วยที่ 2 ตำบลจันอัด.pdf,normal,district,FALSE,FALSE,FALSE,null_header_field:total_ballots | null_header_field:valid_votes | null_header_field:void_ballots | null_header_field:spoiled_ballots,,
69cdb0545163a46fd42e5914500853bb,หน่วยที่ 2 ตำบลจันอัด.pdf,normal,partylist,FALSE,FALSE,FALSE,null_header_field:total_ballots | null_header_field:valid_votes | null_header_field:void_ballots | null_header_field:spoiled_ballots,,
6a5ecbc01fee18c6d9e449290332c94f,ขามเฒ่า น.5.pdf,normal,district,FALSE,FALSE,FALSE,"null_header_field:valid_votes | null_header_field:void_ballots | null_header_field:spoiled_ballots | ballot_math_fail (total=191, valid+void+spoiled=0)",,
6a5ecbc01fee18c6d9e449290332c94f,ขามเฒ่า น.5.pdf,normal,partylist,FALSE,FALSE,FALSE,"ballot_math_fail (total=191, valid+void+spoiled=91) | candidate_sum_fail (sum=176, valid_votes=73)",,
6b784dd89b8afdf78b1b458ddd1ad24a,โตนด น.12.pdf,normal,district,TRUE,TRUE,TRUE,,,
6b784dd89b8afdf78b1b458ddd1ad24a,โตนด น.12.pdf,normal,partylist,TRUE,TRUE,TRUE,,,
6b9203840ab0437a7da332c1f4df1b5f,ทต.โนนสูง หน่วยที่ 11.pdf,normal,district,TRUE,TRUE,TRUE,null_header_field:moo,,
6b9203840ab0437a7da332c1f4df1b5f,ทต.โนนสูง หน่วยที่ 11.pdf,normal,district,TRUE,FALSE,FALSE,"null_header_field:moo | ocr_extra_candidates:[10, 11, 12, 13, 14, 15, 16, 17, 18, 19, 20, 21, 22, 23, 24, 25, 26, 27, 28, 29, 30, 31, 32, 33, 34, 35, 36, 37, 38, 39, 40, 41, 42, 43, 44, 45, 46, 47, 48, 49, 50, 51, 52, 53, 54, 55, 56, 57] | candidate_sum_fail (sum=9, valid_votes=242)",,
6d86dc21c3c5a98db4072da7b7670695,บิง น.3.pdf,normal,district,FALSE,FALSE,FALSE,"ballot_math_fail (total=548, valid+void+spoiled=542) | candidate_sum_fail (sum=519, valid_votes=513)",,
6d86dc21c3c5a98db4072da7b7670695,บิง น.3.pdf,normal,partylist,TRUE,TRUE,TRUE,,,
6dc4e136b4b80b7ff1c0f4d776e0699f,น.2 ต.ท่าหลวง ส.ส.5_18 (บช).pdf,normal,partylist,FALSE,FALSE,FALSE,"ocr_missed_candidates:[6] | ballot_math_fail (total=515, valid+void+spoiled=485) | candidate_sum_fail (sum=480, valid_votes=453)",,
6ece1bf5e69f1cde9c5f61640ea1acd2,หลุมข้าว น.8.pdf,normal,district,TRUE,TRUE,TRUE,,,
6ece1bf5e69f1cde9c5f61640ea1acd2,หลุมข้าว น.8.pdf,normal,partylist,TRUE,TRUE,TRUE,,,
6f004fa71b79c953b5ff86ec38b1231a,พลสงคราม น.12 10-2-69 10.31.pdf,normal,district,FALSE,FALSE,FALSE,"ballot_math_fail (total=193, valid+void+spoiled=173) | candidate_sum_fail (sum=168, valid_votes=166)",,
6f004fa71b79c953b5ff86ec38b1231a,พลสงคราม น.12 10-2-69 10.31.pdf,normal,partylist,FALSE,TRUE,FALSE,"null_header_field:spoiled_ballots | ballot_math_fail (total=273, valid+void+spoiled=173)",,
6f33020230a599a2d11c14afb5a35e4f,พลสงคราม น.6 10-2-69 10.12.pdf,normal,district,TRUE,TRUE,TRUE,null_header_field:voter_turnout,,
6f33020230a599a2d11c14afb5a35e4f,พลสงคราม น.6 10-2-69 10.12.pdf,normal,partylist,TRUE,TRUE,TRUE,,,
6f352e4bbed033520e1d035244005cbc,หน่วยที่ 14 ตำบลใหม่.pdf,normal,district,FALSE,FALSE,FALSE,"ocr_extra_candidates:[15] | ballot_math_fail (total=396, valid+void+spoiled=736) | candidate_sum_fail (sum=529, valid_votes=712)",,
6f352e4bbed033520e1d035244005cbc,หน่วยที่ 14 ตำบลใหม่.pdf,normal,partylist,TRUE,FALSE,FALSE,"ocr_missed_candidates:[7, 8, 9] | ocr_extra_candidates:[70, 81, 92] | candidate_sum_fail (sum=219, valid_votes=309)",,
707ed6c2d6b89d6b792f1f81a8861fe1,นอกเขต ชุดที่ 7.pdf,advance_in_district,district,TRUE,TRUE,TRUE,,,
707ed6c2d6b89d6b792f1f81a8861fe1,นอกเขต ชุดที่ 7.pdf,advance_in_district,partylist,TRUE,TRUE,TRUE,,,
70c1007c6395361fbf937b2cf6e98c78,บิง น.10.pdf,normal,district,TRUE,FALSE,FALSE,"null_header_field:eligible_voters | candidate_sum_fail (sum=232, valid_votes=237)",,
70c1007c6395361fbf937b2cf6e98c78,บิง น.10.pdf,normal,partylist,FALSE,FALSE,FALSE,"null_header_field:spoiled_ballots | ballot_math_fail (total=250, valid+void+spoiled=246) | candidate_sum_fail (sum=239, valid_votes=233)",,
7176a01bf066cd49a08d87b360be804b,ลำมูล น.2 10-2-69 09.39.pdf,normal,district,TRUE,TRUE,TRUE,,,
7176a01bf066cd49a08d87b360be804b,ลำมูล น.2 10-2-69 09.39.pdf,normal,partylist,FALSE,TRUE,FALSE,"null_header_field:spoiled_ballots | ballot_math_fail (total=293, valid+void+spoiled=290)",,
73cbf627c97ede1efc8362913c91fd98,มะค่า น.10.pdf,normal,district,FALSE,FALSE,FALSE,"null_header_field:total_ballots | candidate_sum_fail (sum=106, valid_votes=111)",,
73cbf627c97ede1efc8362913c91fd98,มะค่า น.10.pdf,normal,partylist,FALSE,FALSE,FALSE,"ballot_math_fail (total=111, valid+void+spoiled=109) | candidate_sum_fail (sum=109, valid_votes=107)",,
7471a4ec2cda550324dd6cb1ef21363c,หลุมข้าว น.12.pdf,normal,district,TRUE,TRUE,TRUE,,,
7471a4ec2cda550324dd6cb1ef21363c,หลุมข้าว น.12.pdf,normal,partylist,TRUE,TRUE,TRUE,,,
76e96811359c55ff8609bd20085823d0,ลำคอหงษ์ น.8.pdf,normal,district,FALSE,FALSE,FALSE,"null_header_field:spoiled_ballots | ballot_math_fail (total=377, valid+void+spoiled=319) | candidate_sum_fail (sum=307, valid_votes=309)",,
76e96811359c55ff8609bd20085823d0,ลำคอหงษ์ น.8.pdf,normal,partylist,TRUE,FALSE,FALSE,"null_header_field:spoiled_ballots | candidate_sum_fail (sum=320, valid_votes=289)",,
7a735b3432df5671abcb472c6460e96a,น.5 ต.ท่าหลวง ส.ส.5_18.pdf,normal,district,TRUE,FALSE,FALSE,"ocr_missed_candidates:[7, 8, 9] | candidate_sum_fail (sum=195, valid_votes=337)",,
7b831a6bd3786665a8154d891e20d9dc,น.13 ต.สัมฤทธิ์ ส.ส.5_18 (บช).pdf,normal,partylist,TRUE,TRUE,TRUE,,,
7bb7782d0289441ef6d4588eda70a3e5,หน่วยที่ 5 ตำบลใหม่.pdf,normal,district,FALSE,FALSE,FALSE,,,
7bb7782d0289441ef6d4588eda70a3e5,หน่วยที่ 5 ตำบลใหม่.pdf,normal,partylist,TRUE,TRUE,TRUE,,,
7bff5ff29be5be3e8aeb09e82ea05a19,ส.ส. 5ทับ18.pdf,normal,district,TRUE,TRUE,TRUE,,,
7c9130ec663cbb26985770651d79f47e,ทต.โนนสูง หน่วยที่ 5.pdf,normal,district,TRUE,TRUE,TRUE,null_header_field:moo,,
7c9130ec663cbb26985770651d79f47e,ทต.โนนสูง หน่วยที่ 5.pdf,normal,partylist,FALSE,FALSE,FALSE,"null_header_field:moo | ballot_math_fail (total=451, valid+void+spoiled=481) | candidate_sum_fail (sum=351, valid_votes=401)",,
7d47f767f82fbbc5dc61fb384487ccae,หน่วยที่ 6 ตำบลดอนหวาย.pdf,normal,district,FALSE,FALSE,FALSE,"ballot_math_fail (total=303, valid+void+spoiled=314) | candidate_sum_fail (sum=288, valid_votes=299)",,
7d47f767f82fbbc5dc61fb384487ccae,หน่วยที่ 6 ตำบลดอนหวาย.pdf,normal,partylist,FALSE,FALSE,FALSE,"ballot_math_fail (total=303, valid+void+spoiled=313) | candidate_sum_fail (sum=306, valid_votes=297)",,
7db464476535ef385876e5ea76fb8225,น.7 ต.กระเบื้องใหญ่ ส.ส.5_18 (บช).pdf,normal,partylist,FALSE,FALSE,FALSE,"ballot_math_fail (total=295, valid+void+spoiled=303) | candidate_sum_fail (sum=237, valid_votes=279)",,
7f670365f09c57a12d872ac9b4f847d3,ลำมูล น.7 10-2-69 09.53.pdf,normal,district,TRUE,TRUE,TRUE,,,
7f670365f09c57a12d872ac9b4f847d3,ลำมูล น.7 10-2-69 09.53.pdf,normal,district,TRUE,FALSE,FALSE,"ocr_extra_candidates:[10, 11, 12, 13, 14, 15, 16, 17, 18, 19, 20, 21, 22, 23, 24, 25, 26, 27, 28, 29, 30, 31, 32, 33, 34, 35, 36, 37, 38, 39, 40, 41, 42, 43, 44, 45, 46, 47, 48, 49, 50, 51, 52, 53, 54, 55, 56, 57] | candidate_sum_fail (sum=81, valid_votes=308)",,
7fa3c81ed7f634f86fbd61c4ef7dc387,สส.5ทับ18.pdf,normal,district,TRUE,FALSE,FALSE,"candidate_sum_fail (sum=301, valid_votes=241)",,
805d3eb9e9c5a6d4cfb4bc9ded11d7e5,ด่านคล่า น.11 .pdf,normal,district,FALSE,TRUE,FALSE,null_header_field:voter_turnout | null_header_field:total_ballots,,
805d3eb9e9c5a6d4cfb4bc9ded11d7e5,ด่านคล่า น.11 .pdf,normal,partylist,FALSE,TRUE,FALSE,null_header_field:voter_turnout | null_header_field:total_ballots,,
80c4f292b162fed2e64508a8003435f6,น.7 ต.สัมฤทธิ์ ส.ส.5_18 (บช).pdf,normal,district,TRUE,FALSE,FALSE,"ocr_extra_candidates:[10, 11, 12, 13, 14, 15, 16, 17, 18, 19, 20, 21, 22, 23, 24, 25, 26, 27, 28, 29, 30, 31, 32, 33, 34, 35, 36, 37, 38, 39, 40, 41, 42, 43, 44, 45, 46, 47, 48, 49, 50, 51, 52, 53, 54, 55, 56, 57] | candidate_sum_fail (sum=74, valid_votes=211)",,
81e4317cf1301ffc0037476386b8e202,ตำบลธารปราสาท หน่วยที่ 12 หมู่ที่ 14.pdf,normal,district,TRUE,TRUE,TRUE,,,
81e4317cf1301ffc0037476386b8e202,ตำบลธารปราสาท หน่วยที่ 12 หมู่ที่ 14.pdf,normal,partylist,TRUE,TRUE,TRUE,,,
82462b1cc2ec709b7634fc3eaed1803e,มะค่า น.15.pdf,normal,district,TRUE,TRUE,TRUE,,,
82462b1cc2ec709b7634fc3eaed1803e,มะค่า น.15.pdf,normal,partylist,TRUE,TRUE,TRUE,,,
827b7d26f1c0700551721442d1f421ea,น.10.pdf,normal,district,TRUE,TRUE,TRUE,,,
827b7d26f1c0700551721442d1f421ea,น.10.pdf,normal,partylist,TRUE,FALSE,FALSE,"candidate_sum_fail (sum=953, valid_votes=263)",,
83568d0627acdb9c4d7961e57fec246d,มะค่า น.6.pdf,normal,district,TRUE,TRUE,TRUE,,,
83568d0627acdb9c4d7961e57fec246d,มะค่า น.6.pdf,normal,partylist,TRUE,FALSE,FALSE,"candidate_sum_fail (sum=284, valid_votes=216)",,
83c4a303885c825e6b8539e680fc49d1,ส.ส. 5ทับ18.pdf,normal,district,TRUE,FALSE,FALSE,"candidate_sum_fail (sum=388, valid_votes=264)",,
844f9c799f9ba748c3d49f981d7e6edb,ขามเฒ่า น.13.pdf,normal,district,TRUE,TRUE,TRUE,,,
844f9c799f9ba748c3d49f981d7e6edb,ขามเฒ่า น.13.pdf,normal,partylist,FALSE,TRUE,FALSE,"ballot_math_fail (total=104, valid+void+spoiled=157)",,
8476eb4d191d9c5664d1972b47828311,หน่วยที่ 9 ตำบลใหม่.pdf,normal,district,FALSE,TRUE,FALSE,"ballot_math_fail (total=527, valid+void+spoiled=548)",,
8476eb4d191d9c5664d1972b47828311,หน่วยที่ 9 ตำบลใหม่.pdf,normal,partylist,FALSE,FALSE,FALSE,null_header_field:total_ballots | null_header_field:valid_votes | null_header_field:void_ballots | null_header_field:spoiled_ballots,,
8481bd6646a9ab106b0896081f0df205,หน่วยที่ 6 ตำบลใหม่.pdf,normal,district,FALSE,TRUE,FALSE,"ballot_math_fail (total=674, valid+void+spoiled=614)",,
8481bd6646a9ab106b0896081f0df205,หน่วยที่ 6 ตำบลใหม่.pdf,normal,partylist,TRUE,FALSE,FALSE,"ocr_missed_candidates:[53, 54, 55, 56, 57] | candidate_sum_fail (sum=559, valid_votes=561)",,
84c9a76330180bd61b4bcef721a2eac2,หน่วยที่ 6 ตำบลจันอัด.pdf,normal,district,TRUE,FALSE,FALSE,"ocr_missed_candidates:[7, 8, 9] | candidate_sum_fail (sum=78, valid_votes=145)",,
84c9a76330180bd61b4bcef721a2eac2,หน่วยที่ 6 ตำบลจันอัด.pdf,normal,partylist,FALSE,FALSE,FALSE,"ocr_missed_candidates:[1, 2, 3, 4, 5, 6] | ballot_math_fail (total=152, valid+void+spoiled=158) | candidate_sum_fail (sum=121, valid_votes=148)",,
84e278ed11cf71bb7c7d0ce2467b8dc4,น.2 ต.ชีวาน ส.ส.5_18.pdf,normal,district,FALSE,TRUE,FALSE,"ballot_math_fail (total=211, valid+void+spoiled=201)",,
8521ec8bf4bc95a2fc521fd417b971f9,โตนด น.6.pdf,normal,district,TRUE,FALSE,FALSE,"ocr_missed_candidates:[7, 8, 9] | candidate_sum_fail (sum=339, valid_votes=429)",,
8521ec8bf4bc95a2fc521fd417b971f9,โตนด น.6.pdf,normal,partylist,TRUE,FALSE,FALSE,"candidate_sum_fail (sum=2920, valid_votes=421)",,
85b36c977c302475031db044ec936c5f,น.8 ต.กระเบื้องใหญ่ ส.ส.5_18 (บช).pdf,normal,partylist,FALSE,FALSE,FALSE,"ocr_missed_candidates:[1, 2, 3, 4, 5, 6]",,
85c351f1ae231b4e1321694fad0c333c,หน่วยที่ 2 ตำบลดอนหวาย.pdf,normal,district,TRUE,TRUE,TRUE,,,
85c351f1ae231b4e1321694fad0c333c,หน่วยที่ 2 ตำบลดอนหวาย.pdf,normal,partylist,TRUE,FALSE,FALSE,"candidate_sum_fail (sum=170, valid_votes=345)",,
87e0205f99aa81c898f6ce7ab82e6f39,ทต.โนนสูง หน่วยที่ 12.pdf,normal,district,TRUE,TRUE,TRUE,null_header_field:moo | null_header_field:district | ocr_extra_candidates:[20],,
87e0205f99aa81c898f6ce7ab82e6f39,ทต.โนนสูง หน่วยที่ 12.pdf,normal,partylist,FALSE,FALSE,FALSE,"null_header_field:moo | null_header_field:total_ballots | candidate_sum_fail (sum=464, valid_votes=437)",,
87ff2d06b19219cc0c34f947e817b8dd,ส.ส. 5ทับ18.pdf,normal,district,FALSE,FALSE,FALSE,"null_header_field:total_ballots | candidate_sum_fail (sum=189, valid_votes=264)",,
8897dee8f4f3c4311077992006d2c5ee,สส5ทับ18(บช).pdf,normal,district,FALSE,FALSE,FALSE,"ocr_extra_candidates:[10, 11, 12, 13, 14, 15, 16, 17, 18, 19, 20, 21, 22, 23, 24, 25, 26, 27, 28, 29, 30, 31, 32, 33, 34, 35, 36, 37, 38, 39, 40, 41, 42, 43, 44, 45, 46, 47, 48, 49, 50, 51, 52, 53, 54, 55, 56, 57] | ballot_math_fail (total=467, valid+void+spoiled=465) | candidate_sum_fail (sum=183, valid_votes=435)",,
88ba8414b9e7cca61e32be91a39b9414,พลสงคราม น.4 10-2-69 10.07.pdf,normal,district,FALSE,FALSE,FALSE,"null_header_field:eligible_voters | ballot_math_fail (total=307, valid+void+spoiled=267) | candidate_sum_fail (sum=158, valid_votes=248)",,
88ba8414b9e7cca61e32be91a39b9414,พลสงคราม น.4 10-2-69 10.07.pdf,normal,partylist,FALSE,TRUE,FALSE,"ballot_math_fail (total=807, valid+void+spoiled=307)",,
88ecd0ab96276589a89d832ee664d8e3,หลุมข้าว น.16.pdf,normal,district,TRUE,TRUE,TRUE,,,
88ecd0ab96276589a89d832ee664d8e3,หลุมข้าว น.16.pdf,normal,partylist,TRUE,TRUE,TRUE,,,
88f58579a687f561c51f9879509a1458,นอกเขต ชุดที่ 6.pdf,advance_in_district,district,TRUE,FALSE,FALSE,"candidate_sum_fail (sum=546, valid_votes=549)",,
88f58579a687f561c51f9879509a1458,นอกเขต ชุดที่ 6.pdf,advance_in_district,partylist,TRUE,TRUE,TRUE,,,
8a4731e5d6f7ae1125df488d19fc8e51,หน่วยที่ 7 ตำบลใหม่.pdf,normal,district,TRUE,FALSE,FALSE,"candidate_sum_fail (sum=460, valid_votes=610)",,
8a4731e5d6f7ae1125df488d19fc8e51,หน่วยที่ 7 ตำบลใหม่.pdf,normal,partylist,TRUE,FALSE,FALSE,"candidate_sum_fail (sum=604, valid_votes=610)",,
8a4aeabb02e9e877936b1e40e2de678c,สส5ทับ18(บช).pdf,normal,partylist,TRUE,FALSE,FALSE,"candidate_sum_fail (sum=1250593, valid_votes=294)",,
8afd7fb51796fcce8c385882c227b665,ขามเฒ่า น.2.pdf,normal,district,FALSE,FALSE,FALSE,null_header_field:total_ballots | null_header_field:valid_votes | null_header_field:void_ballots | null_header_field:spoiled_ballots,,
8afd7fb51796fcce8c385882c227b665,ขามเฒ่า น.2.pdf,normal,partylist,TRUE,TRUE,TRUE,,,
8b3b52324f521990f480fbdfb2e72ba7,หลุมข้าว น.1.pdf,normal,district,FALSE,FALSE,FALSE,"ocr_missed_candidates:[7, 8, 9] | ballot_math_fail (total=254, valid+void+spoiled=284) | candidate_sum_fail (sum=175, valid_votes=260)",,
8b3b52324f521990f480fbdfb2e72ba7,หลุมข้าว น.1.pdf,normal,partylist,TRUE,FALSE,FALSE,"candidate_sum_fail (sum=263, valid_votes=265)",,
8b906231c3c92326aecd238d9639fa10,น.2 ต.ชีวาน ส.ส.5_18 (บช).pdf,normal,partylist,FALSE,FALSE,FALSE,"ballot_math_fail (total=209, valid+void+spoiled=207) | candidate_sum_fail (sum=190, valid_votes=196)",,
8bd67780ff7c70fd904b4db10798fbd7,พลสงคราม น.7 10-2-69 10.14.pdf,normal,district,TRUE,TRUE,TRUE,,,
8bd67780ff7c70fd904b4db10798fbd7,พลสงคราม น.7 10-2-69 10.14.pdf,normal,partylist,TRUE,FALSE,FALSE,"candidate_sum_fail (sum=975, valid_votes=215)",,
8c13a16b3d51b2494162f3ac04926029,หน่วยที่ 5 ตำบลจันอัด.pdf,normal,district,FALSE,FALSE,FALSE,"ballot_math_fail (total=922, valid+void+spoiled=522) | candidate_sum_fail (sum=510, valid_votes=496)",,
8c13a16b3d51b2494162f3ac04926029,หน่วยที่ 5 ตำบลจันอัด.pdf,normal,partylist,TRUE,FALSE,FALSE,"candidate_sum_fail (sum=478, valid_votes=475)",,
8c33a11513108838159918c56e940a94,น.6 ต.กระเบื้องใหญ่ ส.ส.5_18.pdf,normal,district,TRUE,FALSE,FALSE,"ocr_missed_candidates:[7, 8, 9] | candidate_sum_fail (sum=193, valid_votes=266)",,
8cb6286568de4c231db7fab3aad7c288,ขามเฒ่า น.12.pdf,normal,district,TRUE,FALSE,FALSE,"candidate_sum_fail (sum=117, valid_votes=87)",,
8cb6286568de4c231db7fab3aad7c288,ขามเฒ่า น.12.pdf,normal,partylist,TRUE,TRUE,TRUE,,,
8de47d8ccc83fe1eb8a50baa1a80a259,ดอนชมพู น.12.pdf,normal,district,TRUE,TRUE,TRUE,,,
8de47d8ccc83fe1eb8a50baa1a80a259,ดอนชมพู น.12.pdf,normal,district,TRUE,FALSE,FALSE,"ocr_extra_candidates:[10, 11, 12, 13, 14, 15, 16, 17, 18, 19, 20, 21, 22, 23, 24, 25, 26, 27, 28, 29, 30, 31, 32, 33, 34, 35, 36, 37, 38, 39, 40, 41, 42, 43, 44, 45, 46, 47, 48, 49, 50, 51, 52, 53, 54, 55, 56, 57] | candidate_sum_fail (sum=35, valid_votes=155)",,
8fb961031f901b383ea558d08051cfa6,ดอนชมพู น.2.pdf,normal,district,TRUE,FALSE,FALSE,"candidate_sum_fail (sum=305, valid_votes=405)",,
8fb961031f901b383ea558d08051cfa6,ดอนชมพู น.2.pdf,normal,partylist,TRUE,FALSE,FALSE,"candidate_sum_fail (sum=436, valid_votes=396)",,
914e7f67ed3ac040594e3528ca03a2dd,ลำคอหงษ์ น.11.pdf,normal,district,TRUE,TRUE,TRUE,,,
914e7f67ed3ac040594e3528ca03a2dd,ลำคอหงษ์ น.11.pdf,normal,partylist,TRUE,TRUE,TRUE,,,
9154dc5f2d5e28982a6f42845f5bffdf,สส.5ทับ18(บช).pdf,normal,partylist,FALSE,FALSE,FALSE,"ballot_math_fail (total=201, valid+void+spoiled=251) | candidate_sum_fail (sum=208, valid_votes=225)",,
91aba0d6831ddadd82e08472e2a8d340,หลุมข้าว น.14.pdf,normal,district,TRUE,FALSE,FALSE,"candidate_sum_fail (sum=301, valid_votes=303)",,
91aba0d6831ddadd82e08472e2a8d340,หลุมข้าว น.14.pdf,normal,partylist,FALSE,TRUE,FALSE,"ballot_math_fail (total=391, valid+void+spoiled=341)",,
9285377ca5b4959b50fd01cdc48c7099,ทต.ตลาดแค น.3.pdf,normal,district,FALSE,FALSE,FALSE,null_header_field:eligible_voters | null_header_field:total_ballots | null_header_field:valid_votes | null_header_field:void_ballots | null_header_field:spoiled_ballots,,
9285377ca5b4959b50fd01cdc48c7099,ทต.ตลาดแค น.3.pdf,normal,partylist,FALSE,TRUE,FALSE,"ballot_math_fail (total=903, valid+void+spoiled=303)",,
9407ed19f8984cc51cb861f720ddc39a,ส.ส. 5ทับ18 (บช).pdf,normal,partylist,FALSE,FALSE,FALSE,"ballot_math_fail (total=482, valid+void+spoiled=188) | candidate_sum_fail (sum=421, valid_votes=121)",,
94c895d1f78db1e25a52740f280bac16,ด่านคล่า น. 3 .pdf,normal,district,TRUE,TRUE,TRUE,,,
94c895d1f78db1e25a52740f280bac16,ด่านคล่า น. 3 .pdf,normal,partylist,FALSE,FALSE,FALSE,null_header_field:total_ballots | null_header_field:valid_votes | null_header_field:void_ballots | null_header_field:spoiled_ballots,,
950bb198bbeb2e6ed05c37fb6e7adf16,ส.ส 5ทับ18 (บช).pdf,normal,partylist,TRUE,FALSE,FALSE,"null_header_field:station_number | candidate_sum_fail (sum=212, valid_votes=240)",,
958a2aca318af65e16c1abe64e35ea83,น.4 ต.ชีวาน ส.ส.5_18.pdf,normal,district,TRUE,FALSE,FALSE,"ocr_extra_candidates:[10, 11, 12, 13, 14, 15, 16, 17, 18, 19, 20] | candidate_sum_fail (sum=181, valid_votes=201)",,
9624eb8e5fbf57a5b913caf20ea6fb3b,น.7 ต.สัมฤทธิ์ ส.ส.5_18.pdf,normal,district,TRUE,TRUE,TRUE,,,
98ff5254e0e0c5f6f210bfc288205039,น.3 ต.ท่าหลวง ส.ส.5_18 (บช).pdf,normal,partylist,TRUE,FALSE,FALSE,"candidate_sum_fail (sum=310, valid_votes=294)",,
996b58a9aa6af945896ac1b7cfe7273a,น.12 ต.สัมฤทธิ์ ส.ส.5_18 (บช).pdf,normal,partylist,TRUE,TRUE,TRUE,,,
99849454a4889839e4478357abdf2cff,สส.5ทับ18.pdf,normal,district,TRUE,FALSE,FALSE,"candidate_sum_fail (sum=103, valid_votes=153)",,
99aec0e88b758e84bd593c9101a58c60,น.5 ต.กระเบื้องใหญ่ ส.ส.5_18 (บช).pdf,normal,partylist,TRUE,TRUE,TRUE,ocr_missed_candidates:[51],,
99d5ae50d65ec6790bc58a6dfbcbbad9,ขามเฒ่า 1.pdf,normal,district,TRUE,FALSE,FALSE,"ocr_extra_candidates:[10, 11, 12, 13, 14, 15, 16, 17, 18, 19, 20, 21, 22, 23, 24, 25, 26, 27, 28, 29, 30, 31, 32, 33, 34, 35, 36, 37, 38, 39, 40, 41, 42, 43, 44, 45, 46, 47, 48, 49, 50, 51, 52, 53, 54, 55, 56, 57] | candidate_sum_fail (sum=55, valid_votes=215)",,
9c2cbbcab052e3a5d890beb1007efa3f,ชุดที่ ๑ (สีขาว) ส่งให้คณะกรรมการการเลือกตั.pdf,normal,partylist,FALSE,FALSE,FALSE,"ballot_math_fail (total=485, valid+void+spoiled=848) | candidate_sum_fail (sum=429, valid_votes=427)",,
9c996a59eb90e086359b9f47bda150d8,หลุมข้าว น.7.pdf,normal,district,TRUE,TRUE,TRUE,,,
9c996a59eb90e086359b9f47bda150d8,หลุมข้าว น.7.pdf,normal,partylist,TRUE,FALSE,FALSE,"candidate_sum_fail (sum=152, valid_votes=98)",,
9cbf8f0a22fe1f4d373b0c63bb512264,สส.5ทับ18.pdf,normal,district,FALSE,FALSE,FALSE,"null_header_field:total_ballots | candidate_sum_fail (sum=247, valid_votes=266)",,
9d91fa2934ad42f8f6803908e4703bbc,ดอนชมพู น.8.pdf,normal,district,TRUE,TRUE,TRUE,,,
9d91fa2934ad42f8f6803908e4703bbc,ดอนชมพู น.8.pdf,normal,partylist,TRUE,TRUE,TRUE,,,
9dc92f4f7eae6158beb0adabf3e19ff1,น.3 ต.ชีวาน ส.ส.5_18.pdf,normal,district,TRUE,TRUE,TRUE,,,
9ec0b3f726dfccbc557c64f111530dc4,ลำมูล น.1 10-2-69 09.36.pdf,normal,district,FALSE,TRUE,FALSE,"ballot_math_fail (total=218, valid+void+spoiled=278)",,
9ec0b3f726dfccbc557c64f111530dc4,ลำมูล น.1 10-2-69 09.36.pdf,normal,partylist,TRUE,TRUE,TRUE,"ocr_missed_candidates:[53, 54, 55, 56, 57]",,
9edd26039ed34c2b71f30471cd9b1bf1,หน่วยที่ 1 ตำบลใหม่.pdf,normal,district,TRUE,FALSE,FALSE,"candidate_sum_fail (sum=1164, valid_votes=364)",,
9edd26039ed34c2b71f30471cd9b1bf1,หน่วยที่ 1 ตำบลใหม่.pdf,normal,partylist,TRUE,FALSE,FALSE,"ocr_missed_candidates:[7, 8, 9, 10, 11, 12, 13, 14, 15, 16, 17, 18, 19, 20, 21, 22, 23, 24, 25, 26, 27, 28, 29] | ocr_extra_candidates:[70, 81, 92, 103, 114, 125, 136, 147, 158, 169, 1710, 1811, 1912, 2013, 2114, 2215, 2316, 2417, 2518, 2619, 2720, 2821, 2922] | candidate_sum_fail (sum=36, valid_votes=358)",,
9eed08393cc541b886416a11478489bc,น.13.pdf,normal,district,TRUE,TRUE,TRUE,,,
9eed08393cc541b886416a11478489bc,น.13.pdf,normal,partylist,TRUE,TRUE,TRUE,,,
9f8d67739540f65e860509db6ff46458,น.6 ต.ท่าหลวง ส.ส.5_18 (บช).pdf,normal,partylist,TRUE,FALSE,FALSE,"candidate_sum_fail (sum=188, valid_votes=379)",,
9ffa0639ec556f0b111a90c19bfd1f71,ดอนชมพู น.3.pdf,normal,district,TRUE,TRUE,TRUE,null_header_field:eligible_voters,,
9ffa0639ec556f0b111a90c19bfd1f71,ดอนชมพู น.3.pdf,normal,partylist,TRUE,FALSE,FALSE,"null_header_field:eligible_voters | candidate_sum_fail (sum=330, valid_votes=293)",,
a075fa2e5257cfc838d9a875a18dda41,สส 5ทับ18.pdf,normal,district,TRUE,FALSE,FALSE,"candidate_sum_fail (sum=1237, valid_votes=437)",,
a1bbe3de61ec7c3068ac2a0aa29f6416,หน่วยที่ 4 ตำบลใหม่.pdf,normal,district,TRUE,FALSE,FALSE,"null_header_field:eligible_voters | candidate_sum_fail (sum=346, valid_votes=326)",,
a1bbe3de61ec7c3068ac2a0aa29f6416,หน่วยที่ 4 ตำบลใหม่.pdf,normal,partylist,TRUE,TRUE,TRUE,,,
a21729ceecdbf522659ffc26be86d8e8,ส.ส 5ทับ18 (บช).pdf,normal,partylist,TRUE,FALSE,FALSE,"candidate_sum_fail (sum=202, valid_votes=204)",,
a2a037102a2b60fdc53a5ce444e7c4d9,ส.ส. 5ทับ18.pdf,normal,district,TRUE,TRUE,TRUE,,,
a2d4bf2cef212c9c7b5eb03d52e22489,พลสงคราม น.15 10-2-69 10.43.pdf,normal,district,TRUE,TRUE,TRUE,,,
a2d4bf2cef212c9c7b5eb03d52e22489,พลสงคราม น.15 10-2-69 10.43.pdf,normal,partylist,TRUE,FALSE,FALSE,"ocr_missed_candidates:[53, 54, 55, 56, 57] | candidate_sum_fail (sum=195, valid_votes=216)",,
a453632e987610d7d1b92156b6f78f87,พลสงคราม น.10 10-2-69 10.22.pdf,normal,district,TRUE,FALSE,FALSE,"ocr_missed_candidates:[7, 8, 9] | candidate_sum_fail (sum=71, valid_votes=150)",,
a453632e987610d7d1b92156b6f78f87,พลสงคราม น.10 10-2-69 10.22.pdf,normal,district,TRUE,FALSE,FALSE,"candidate_sum_fail (sum=170, valid_votes=150)",,
a453632e987610d7d1b92156b6f78f87,พลสงคราม น.10 10-2-69 10.22.pdf,normal,partylist,FALSE,FALSE,FALSE,"ballot_math_fail (total=167, valid+void+spoiled=175) | candidate_sum_fail (sum=139, valid_votes=149)",,
a48654efcc4c764289066f808d1281a5,น.6 ต.ชีวาน ส.ส.5_18.pdf,normal,district,FALSE,FALSE,FALSE,null_header_field:total_ballots | null_header_field:valid_votes | null_header_field:void_ballots | null_header_field:spoiled_ballots,,
a4f1455dd4c86817ae7c1b07fc0bbd44,ขามเฒ่า น.10.pdf,normal,district,FALSE,FALSE,FALSE,"ocr_missed_candidates:[7, 8, 9] | ballot_math_fail (total=196, valid+void+spoiled=198) | candidate_sum_fail (sum=136, valid_votes=191)",,
a4f1455dd4c86817ae7c1b07fc0bbd44,ขามเฒ่า น.10.pdf,normal,district,FALSE,FALSE,FALSE,"ocr_extra_candidates:[10, 11, 12, 13, 14, 15, 16, 17, 18, 19, 20, 21, 22, 23, 24, 25, 26, 27, 28, 29, 30, 31, 32, 33, 34, 35, 36, 37, 38, 39, 40, 41, 42, 43, 44, 45, 46, 47, 48, 49, 50, 51, 52, 53, 54, 55, 56, 57] | ballot_math_fail (total=116, valid+void+spoiled=197) | candidate_sum_fail (sum=65, valid_votes=179)",,
a5eb6c58ce65aff20ebc4924b991795a,นอกเขต ชุดที่ 4.pdf,advance_in_district,district,FALSE,FALSE,FALSE,"ballot_math_fail (total=640, valid+void+spoiled=740) | candidate_sum_fail (sum=501, valid_votes=651)",,
a5eb6c58ce65aff20ebc4924b991795a,นอกเขต ชุดที่ 4.pdf,advance_in_district,partylist,FALSE,TRUE,FALSE,"ballot_math_fail (total=608, valid+void+spoiled=640)",,
a63be73de042ca20062ad7facbb2be1a,พลสงคราม น.8 10-2-69 10.16.pdf,normal,district,FALSE,TRUE,FALSE,"ballot_math_fail (total=268, valid+void+spoiled=477)",,
a63be73de042ca20062ad7facbb2be1a,พลสงคราม น.8 10-2-69 10.16.pdf,normal,partylist,FALSE,FALSE,FALSE,"ballot_math_fail (total=304, valid+void+spoiled=481) | candidate_sum_fail (sum=277, valid_votes=204)",,
a7531627982bc92e4137f34f3e6aeb8c,หน่วยที่ 4 ตำบลจันอัด.pdf,normal,district,TRUE,TRUE,TRUE,,,
a7531627982bc92e4137f34f3e6aeb8c,หน่วยที่ 4 ตำบลจันอัด.pdf,normal,partylist,FALSE,TRUE,FALSE,"ballot_math_fail (total=399, valid+void+spoiled=382)",,
a811560bafaa7cc080ed4fd3a26f5471,น.2 ต.กระเบื้องใหญ่ ส.ส.5_18.pdf,normal,district,FALSE,TRUE,FALSE,"null_header_field:spoiled_ballots | ballot_math_fail (total=124, valid+void+spoiled=120)",,
a89aaa8510713cc2eb3c8efab9982fe4,ด่านคล่า น.7 .pdf,normal,district,TRUE,FALSE,FALSE,"candidate_sum_fail (sum=438, valid_votes=444)",,
a89aaa8510713cc2eb3c8efab9982fe4,ด่านคล่า น.7 .pdf,normal,partylist,TRUE,TRUE,TRUE,,,
a96dc3cc31eec005db4487c9243f3ca6,ลำคอหงษ์ น.3.pdf,normal,district,TRUE,TRUE,TRUE,,,
a96dc3cc31eec005db4487c9243f3ca6,ลำคอหงษ์ น.3.pdf,normal,partylist,TRUE,TRUE,TRUE,,,
aa1a5d10d84d43284db0988da6c7c97d,มะค่า น.12.pdf,normal,district,TRUE,TRUE,TRUE,,,
aa1a5d10d84d43284db0988da6c7c97d,มะค่า น.12.pdf,normal,partylist,TRUE,TRUE,TRUE,,,
aa77c56135ae54c444e140e8d74d268d,น.8 ต.สัมฤทธิ์ ส.ส.5_18.pdf,normal,district,TRUE,TRUE,TRUE,,,
abf454b34995d0a06e9d2cf6df463170,น.2 ต.กระเบื้องใหญ่ ส.ส.5_18 (บช).pdf,normal,partylist,FALSE,TRUE,FALSE,"null_header_field:spoiled_ballots | ballot_math_fail (total=124, valid+void+spoiled=120)",,
ac35dd4f67e8b0032b02744c27150195,ทต.ตลาดแค น.7.pdf,normal,district,TRUE,TRUE,TRUE,,,
ac35dd4f67e8b0032b02744c27150195,ทต.ตลาดแค น.7.pdf,normal,partylist,TRUE,TRUE,TRUE,,,
add95bfa684fb8a3b5b9c44c78574c69,ด่านคล่า น.4 .pdf,normal,district,FALSE,FALSE,FALSE,"ocr_extra_candidates:[10, 11, 12, 13, 14, 15, 16, 17, 18, 19, 20, 21, 22, 23, 24, 25, 26, 27, 28, 29, 30, 31, 32, 33, 34, 35, 36, 37, 38, 39, 40, 41, 42, 43, 44, 45, 46, 47, 48, 49, 50, 51, 52, 53, 54, 55, 56, 57] | ballot_math_fail (total=588, valid+void+spoiled=668) | candidate_sum_fail (sum=136, valid_votes=588)",,
ae1cd5f26ab5fa18c1afe17609fed2b5,สส5ทับ18.pdf,normal,district,TRUE,FALSE,FALSE,"candidate_sum_fail (sum=491, valid_votes=471)",,
ae599acc1e5c03e5e2d407edd0203058,น.6 ต.สัมฤทธิ์ ส.ส.5_18 (บช).pdf,normal,partylist,TRUE,TRUE,TRUE,,,
afe3aef912c0d5009d676539a2d0d2af,น.5 ต.ท่าหลวง ส.ส.5_18 (บช).pdf,normal,partylist,TRUE,FALSE,FALSE,"candidate_sum_fail (sum=272, valid_votes=328)",,
b0ccc210dd78184b74aa964a49e818cc,ตำบลธารปราสาท หน่วยที่ 2 หมู่ที่ 4.pdf,normal,district,TRUE,TRUE,TRUE,,,
b0ccc210dd78184b74aa964a49e818cc,ตำบลธารปราสาท หน่วยที่ 2 หมู่ที่ 4.pdf,normal,partylist,TRUE,TRUE,TRUE,,,
b138a19819473625cb30e2d15875822c,น.14.pdf,normal,district,TRUE,TRUE,TRUE,,,
b138a19819473625cb30e2d15875822c,น.14.pdf,normal,partylist,TRUE,FALSE,FALSE,"candidate_sum_fail (sum=173, valid_votes=195)",,
b14123d12dd8a1f3c12574dafc0a9ef3,พลสงคราม น.5 10-2-69 10.09.pdf,normal,district,FALSE,FALSE,FALSE,"null_header_field:eligible_voters | ballot_math_fail (total=495, valid+void+spoiled=505) | candidate_sum_fail (sum=447, valid_votes=445)",,
b14123d12dd8a1f3c12574dafc0a9ef3,พลสงคราม น.5 10-2-69 10.09.pdf,normal,partylist,FALSE,FALSE,FALSE,"null_header_field:eligible_voters | ballot_math_fail (total=405, valid+void+spoiled=473) | candidate_sum_fail (sum=407, valid_votes=405)",,
b2aaa9a778bb4f99aa7ff09df0e4677f,ด่านคล่า น.9.pdf,normal,district,FALSE,FALSE,FALSE,"ballot_math_fail (total=320, valid+void+spoiled=330) | candidate_sum_fail (sum=284, valid_votes=291)",,
b2aaa9a778bb4f99aa7ff09df0e4677f,ด่านคล่า น.9.pdf,normal,partylist,FALSE,FALSE,FALSE,"ballot_math_fail (total=320, valid+void+spoiled=314) | candidate_sum_fail (sum=286, valid_votes=280)",,
b3884e0038ccc8f44689ddd607753428,บิง น.2.pdf,normal,district,TRUE,FALSE,FALSE,"candidate_sum_fail (sum=246, valid_votes=250)",,
b3884e0038ccc8f44689ddd607753428,บิง น.2.pdf,normal,partylist,TRUE,FALSE,FALSE,"candidate_sum_fail (sum=252, valid_votes=232)",,
b390a9b7121c20ebf38afcd3ff300abd,หน่วยที่ 13 ตำบลใหม่.pdf,normal,district,TRUE,TRUE,TRUE,,,
b390a9b7121c20ebf38afcd3ff300abd,หน่วยที่ 13 ตำบลใหม่.pdf,normal,partylist,TRUE,FALSE,FALSE,"candidate_sum_fail (sum=293, valid_votes=388)",,
b4f0c41ffd4ef8c6ad6ab073306ca00c,ตำบลธารปราสาท หน่วยที่ 14 หมู่ที่ 17.pdf,normal,district,FALSE,FALSE,FALSE,"null_header_field:total_ballots | ocr_extra_candidates:[10, 11, 12, 13, 14, 15, 16, 17, 18, 19, 20, 21, 22, 23, 24, 25, 26, 27, 28, 29, 30, 31, 32, 33, 34, 35, 36, 37, 38, 39, 40, 41, 42, 43, 44, 45, 46, 47, 48, 49, 50, 51, 52, 53, 54, 55, 56, 57] | candidate_sum_fail (sum=163, valid_votes=276)",,
b54428d67180cbc697edfc2f433958f0,หลุมข้าว น.9.pdf,normal,district,TRUE,FALSE,FALSE,"candidate_sum_fail (sum=1065, valid_votes=245)",,
b54428d67180cbc697edfc2f433958f0,หลุมข้าว น.9.pdf,normal,partylist,FALSE,FALSE,FALSE,null_header_field:total_ballots | null_header_field:valid_votes | null_header_field:void_ballots | null_header_field:spoiled_ballots,,
b5ef992103e7af8685c5e2d77f1620ab,น.6 ต.ท่าหลวง ส.ส.5_18.pdf,normal,district,TRUE,TRUE,TRUE,,,
b5f1c29103f79c3c38199f94e1b1172b,หลุมข้าว น.15.pdf,normal,district,TRUE,FALSE,FALSE,"candidate_sum_fail (sum=267, valid_votes=261)",,
b5f1c29103f79c3c38199f94e1b1172b,หลุมข้าว น.15.pdf,normal,partylist,TRUE,FALSE,FALSE,"candidate_sum_fail (sum=298, valid_votes=255)",,
b6a3db7c16730408f0251f6402630afa,หลุมข้าว น.4.pdf,normal,district,TRUE,FALSE,FALSE,"candidate_sum_fail (sum=248, valid_votes=251)",,
b6a3db7c16730408f0251f6402630afa,หลุมข้าว น.4.pdf,normal,district,FALSE,FALSE,FALSE,"ocr_extra_candidates:[10, 11, 12, 13, 14, 15, 16, 17, 18, 19, 20, 21, 22, 23, 24, 25, 26, 27, 28, 29, 30, 31, 32, 33, 34, 35, 36, 37, 38, 39, 40, 41, 42, 43, 44, 45, 46, 47, 48, 49, 50, 51, 52, 53, 54, 55, 56, 57] | ballot_math_fail (total=275, valid+void+spoiled=277) | candidate_sum_fail (sum=79, valid_votes=249)",,
b6bb9c472bb2b4bab17bb86601fd7366,น.1 ต.ชีวาน ส.ส.5_18 (บช).pdf,normal,partylist,TRUE,FALSE,FALSE,"candidate_sum_fail (sum=204, valid_votes=201)",,
b6edced297ee93512e4945cb84e963d6,สส.5ทับ18.pdf,normal,district,FALSE,FALSE,FALSE,"ballot_math_fail (total=193, valid+void+spoiled=173) | candidate_sum_fail (sum=185, valid_votes=163)",,
b7470c7c65929282046d25b5216030cb,ตำบลธารปราสาท หน่วยที่ 8 หมู่ที่ 10.pdf,normal,district,FALSE,FALSE,FALSE,"null_header_field:total_ballots | null_header_field:valid_votes | null_header_field:void_ballots | null_header_field:spoiled_ballots | ocr_missed_candidates:[7, 8, 9]",,
b7470c7c65929282046d25b5216030cb,ตำบลธารปราสาท หน่วยที่ 8 หมู่ที่ 10.pdf,normal,partylist,FALSE,FALSE,FALSE,null_header_field:total_ballots | null_header_field:valid_votes | null_header_field:void_ballots | null_header_field:spoiled_ballots,,
b768374b9dddb7c1de729b0f91f5cd71,น.8 ต.ท่าหลวง ส.ส.5_18 (บช).pdf,normal,district,TRUE,FALSE,FALSE,"ocr_extra_candidates:[10, 11, 12, 13, 14, 15, 16, 17, 18, 19, 20, 21, 22, 23, 24, 25, 26, 27, 28, 29, 30, 31, 32, 33, 34, 35, 36, 37, 38, 39, 40, 41, 42, 43, 44, 45, 46, 47, 48, 49, 50, 51, 52, 53, 54, 55, 56, 57] | candidate_sum_fail (sum=71, valid_votes=166)",,
b775f05a2a282d3910b9e16c39eee256,ช.6.pdf,advance_out_of_district,district,TRUE,FALSE,FALSE,"candidate_sum_fail (sum=552, valid_votes=549)",,
b775f05a2a282d3910b9e16c39eee256,ช.6.pdf,advance_out_of_district,partylist,FALSE,TRUE,FALSE,"ballot_math_fail (total=625, valid+void+spoiled=616)",,
b7f18735305a78ab00ac4d87f4bb629d,ทต.มะค่า น.1.pdf,normal,district,TRUE,FALSE,FALSE,"ocr_missed_candidates:[7, 8, 9] | candidate_sum_fail (sum=257, valid_votes=372)",,
b7f18735305a78ab00ac4d87f4bb629d,ทต.มะค่า น.1.pdf,normal,partylist,FALSE,FALSE,FALSE,"ballot_math_fail (total=427, valid+void+spoiled=440) | candidate_sum_fail (sum=353, valid_votes=363)",,
b945c005f3486e1d5ffe981688e8afb5,ขามเฒ่า น.7.pdf,normal,district,TRUE,FALSE,FALSE,"ocr_missed_candidates:[7, 8, 9] | candidate_sum_fail (sum=62, valid_votes=112)",,
b945c005f3486e1d5ffe981688e8afb5,ขามเฒ่า น.7.pdf,normal,partylist,TRUE,FALSE,FALSE,"candidate_sum_fail (sum=178, valid_votes=108)",,
b975eac6096750922f1085a9407f7c18,น.14 ต.สัมฤทธิ์ ส.ส.5_18.pdf,normal,district,TRUE,TRUE,TRUE,,,
b985abd2320e6f960cc988ac11382a77,น.2 ต.สัมฤทธิ์ ส.ส.5_18.pdf,normal,district,TRUE,TRUE,TRUE,,,
b9d414b3ef1410cc4d0579190366c1bb,ส.ส 5ทับ18 (บช).pdf,normal,partylist,TRUE,TRUE,TRUE,,,
ba72a6a07dbe58bb7b88f5a5fe752be1,ส.ส. 5ทับ18.pdf,normal,district,FALSE,FALSE,FALSE,"ocr_extra_candidates:[20] | ballot_math_fail (total=482, valid+void+spoiled=486) | candidate_sum_fail (sum=1033, valid_votes=433)",,
bab918b5fae2fd655c93ec55a87bccd6,ลำมูล น.4 10-2-69 09.46.pdf,normal,district,TRUE,TRUE,TRUE,,,
bab918b5fae2fd655c93ec55a87bccd6,ลำมูล น.4 10-2-69 09.46.pdf,normal,partylist,TRUE,FALSE,FALSE,"candidate_sum_fail (sum=80, valid_votes=134)",,
bb5a41b5dbb30109fa72f941f62db271,สส.5ทับ18(บช).pdf,normal,partylist,FALSE,FALSE,FALSE,"ballot_math_fail (total=167, valid+void+spoiled=173) | candidate_sum_fail (sum=137, valid_votes=157)",,
bbe8a5ee7c5c8e19f66127e6d6a0182d,มะค่า น.13.pdf,normal,district,FALSE,FALSE,FALSE,"ballot_math_fail (total=178, valid+void+spoiled=188) | candidate_sum_fail (sum=132, valid_votes=177)",,
bbe8a5ee7c5c8e19f66127e6d6a0182d,มะค่า น.13.pdf,normal,partylist,FALSE,FALSE,FALSE,"ballot_math_fail (total=178, valid+void+spoiled=1688) | candidate_sum_fail (sum=164, valid_votes=1674)",,
bcf284443de4460fe329d7326925664a,ช.3.pdf,advance_out_of_district,district,FALSE,TRUE,FALSE,"null_header_field:void_ballots | ballot_math_fail (total=640, valid+void+spoiled=613)",,
bcf284443de4460fe329d7326925664a,ช.3.pdf,advance_out_of_district,partylist,TRUE,TRUE,TRUE,,,
bdd1d4a90548e91a88aaf051726dc525,น.6 ต.ชีวาน ส.ส.5_18 (บช).pdf,normal,partylist,FALSE,FALSE,FALSE,"null_header_field:void_ballots | ballot_math_fail (total=429, valid+void+spoiled=37) | candidate_sum_fail (sum=419, valid_votes=25)",,
be0674a1bf69f088a02af21e76221a1f,น.11 ต.กระเบื้องใหญ่ ส.ส.5_18.pdf,normal,district,TRUE,TRUE,TRUE,null_header_field:eligible_voters,,
be0cd8ef6a18e3630b892f00f98a92f4,มะค่า น.5.pdf,normal,district,TRUE,TRUE,TRUE,,,
be0cd8ef6a18e3630b892f00f98a92f4,มะค่า น.5.pdf,normal,partylist,TRUE,TRUE,TRUE,,,
bf198523917948d7c29d2173fbcd7eb6,โตนด น.7.pdf,normal,district,TRUE,FALSE,FALSE,"candidate_sum_fail (sum=432, valid_votes=352)",,
bf198523917948d7c29d2173fbcd7eb6,โตนด น.7.pdf,normal,partylist,FALSE,FALSE,FALSE,"ballot_math_fail (total=872, valid+void+spoiled=382) | candidate_sum_fail (sum=344, valid_votes=353)",,
bf44eb09962c6101ecf7cafa2e3f93c0,หน่วยที่ 1 ตำบลจันอัด.pdf,normal,district,TRUE,FALSE,FALSE,"ocr_extra_candidates:[17, 18, 19, 20] | candidate_sum_fail (sum=308, valid_votes=329)",,
bf44eb09962c6101ecf7cafa2e3f93c0,หน่วยที่ 1 ตำบลจันอัด.pdf,normal,partylist,TRUE,FALSE,FALSE,"candidate_sum_fail (sum=308, valid_votes=314)",,
bf52a1b7485b0d289d08a03878261027,น.4 ต.สัมฤทธิ์ ส.ส.5_18.pdf,normal,district,TRUE,TRUE,TRUE,,,
c17e6b550431d281157217becb51150e,น.3 ต.กระเบื้องใหญ่ ส.ส.5_18.pdf,normal,district,TRUE,FALSE,FALSE,"ocr_missed_candidates:[7, 8, 9] | candidate_sum_fail (sum=398, valid_votes=538)",,
c288df822d2bacce9f6b2373cf2fc280,ขามเฒ่า น.15.pdf,normal,district,TRUE,TRUE,TRUE,,,
c288df822d2bacce9f6b2373cf2fc280,ขามเฒ่า น.15.pdf,normal,partylist,TRUE,TRUE,TRUE,,,
c49a046c54c8f4876970e214ebeb811f,ทต.โนนสูง หน่วยที่ 7.pdf,normal,district,FALSE,FALSE,FALSE,,,
c49a046c54c8f4876970e214ebeb811f,ทต.โนนสูง หน่วยที่ 7.pdf,normal,partylist,TRUE,FALSE,FALSE,"null_header_field:moo | candidate_sum_fail (sum=508, valid_votes=477)",,
c4e1d5ccbccf988118f3dc99b53ed4e7,ตำบลธารปราสาท หน่วยที่ 3 หมู่ที่5.pdf,normal,district,TRUE,FALSE,FALSE,"ocr_missed_candidates:[7, 8, 9] | candidate_sum_fail (sum=301, valid_votes=407)",,
c4e1d5ccbccf988118f3dc99b53ed4e7,ตำบลธารปราสาท หน่วยที่ 3 หมู่ที่5.pdf,normal,partylist,TRUE,FALSE,FALSE,"candidate_sum_fail (sum=1304, valid_votes=404)",,
c4fa5c09fc5ab9be74e6edff1d352489,นอกเขต ชุดที่ 5.pdf,advance_out_of_district,district,FALSE,FALSE,FALSE,"ballot_math_fail (total=640, valid+void+spoiled=636) | candidate_sum_fail (sum=566, valid_votes=562)",,
c4fa5c09fc5ab9be74e6edff1d352489,นอกเขต ชุดที่ 5.pdf,advance_out_of_district,partylist,FALSE,FALSE,FALSE,"ballot_math_fail (total=640, valid+void+spoiled=670) | candidate_sum_fail (sum=610, valid_votes=640)",,
c50b8c7b1fb84ec3656aaee99b1a930b,ธารปราสาท น.1.pdf,normal,district,TRUE,TRUE,TRUE,,,
c50b8c7b1fb84ec3656aaee99b1a930b,ธารปราสาท น.1.pdf,normal,partylist,FALSE,FALSE,FALSE,"ballot_math_fail (total=432, valid+void+spoiled=932) | candidate_sum_fail (sum=293, valid_votes=890)",,
c71f15881cb49ae9c60f3c87b7ce5526,หลุมข้าว น.17.pdf,normal,district,TRUE,FALSE,FALSE,"ocr_missed_candidates:[7, 8, 9] | candidate_sum_fail (sum=182, valid_votes=250)",,
c71f15881cb49ae9c60f3c87b7ce5526,หลุมข้าว น.17.pdf,normal,partylist,TRUE,FALSE,FALSE,"candidate_sum_fail (sum=866, valid_votes=245)",,
c75605abdb14f8300adff8ac915dfb33,ด่านคล่า น.15 .pdf,normal,district,TRUE,FALSE,FALSE,"candidate_sum_fail (sum=252, valid_votes=244)",,
c75605abdb14f8300adff8ac915dfb33,ด่านคล่า น.15 .pdf,normal,partylist,TRUE,TRUE,TRUE,,,
c7c3844e85bd06994303f059000285f3,ลำคอหงษ์ น 6.pdf,normal,district,TRUE,TRUE,TRUE,,,
c7c3844e85bd06994303f059000285f3,ลำคอหงษ์ น 6.pdf,normal,partylist,TRUE,FALSE,FALSE,"candidate_sum_fail (sum=188, valid_votes=168)",,
c8068711b3d1d9db7837a0171630eee4,ทต.โนนสูง หน่วยที่ 4.pdf,normal,district,TRUE,TRUE,TRUE,null_header_field:moo,,
c8068711b3d1d9db7837a0171630eee4,ทต.โนนสูง หน่วยที่ 4.pdf,normal,partylist,TRUE,TRUE,TRUE,null_header_field:moo,,
c8e289ab7f72f33592fe6d54f746764f,ทต.โนนสูง หน่วยที่ 3.pdf,normal,district,FALSE,FALSE,FALSE,"null_header_field:moo | ballot_math_fail (total=935, valid+void+spoiled=335) | candidate_sum_fail (sum=329, valid_votes=295)",,
c8e289ab7f72f33592fe6d54f746764f,ทต.โนนสูง หน่วยที่ 3.pdf,normal,partylist,TRUE,FALSE,FALSE,"null_header_field:moo | candidate_sum_fail (sum=296, valid_votes=294)",,
c94fe2a37616d25a12bdb0e904a44fc6,สส5ทับ18(บช).pdf,normal,partylist,TRUE,TRUE,TRUE,null_header_field:eligible_voters,,
c96b2af078821f1e1329652f9f756abe,ส.ส 5ทับ18 (บช).pdf,normal,partylist,FALSE,TRUE,FALSE,"null_header_field:eligible_voters | ballot_math_fail (total=234, valid+void+spoiled=204)",,
cac01894e3b04b8135a036520079f5e0,สส.5ทับ18(บช).pdf,normal,district,TRUE,FALSE,FALSE,"ocr_extra_candidates:[10, 11, 12, 13, 14, 15, 16, 17, 18, 19, 20, 21, 22, 23, 24, 25, 26, 27, 28, 29, 30, 31, 32, 33, 34, 35, 36, 37, 38, 39, 40, 41, 42, 43, 44, 45, 46, 47, 48, 49, 50, 51, 52, 53, 54, 55, 56, 57] | candidate_sum_fail (sum=74, valid_votes=224)",,
cb6f621c216c7f15d076fb2ea4538b4e,น.10 ต.สัมฤทธิ์ ส.ส.5_18 (บช).pdf,normal,partylist,TRUE,FALSE,FALSE,"candidate_sum_fail (sum=158, valid_votes=249)",,
cbf7e276dd0e5fbd2e09ba3814cecd57,พลสงคราม น.1 10-2-69 09.59.pdf,normal,district,TRUE,FALSE,FALSE,"null_header_field:eligible_voters | candidate_sum_fail (sum=347, valid_votes=350)",,
cbf7e276dd0e5fbd2e09ba3814cecd57,พลสงคราม น.1 10-2-69 09.59.pdf,normal,partylist,FALSE,FALSE,FALSE,"ballot_math_fail (total=383, valid+void+spoiled=268) | candidate_sum_fail (sum=340, valid_votes=235)",,
cc5d4a02c808a175024ea823c86540af,น.4 ต.ท่าหลวง ส.ส.5_18 (บช).pdf,normal,partylist,FALSE,FALSE,FALSE,null_header_field:total_ballots | null_header_field:valid_votes | null_header_field:void_ballots | null_header_field:spoiled_ballots,,
cd48f5a3008689f499edb58f6d9e7c22,น.7 ต.กระเบื้องใหญ่ ส.ส.5_18.pdf,normal,district,FALSE,FALSE,FALSE,"ballot_math_fail (total=295, valid+void+spoiled=309) | candidate_sum_fail (sum=167, valid_votes=293)",,
cd5d53d703b78d4f10c0c4ce09837edc,หลุมข้าว น.20.pdf,normal,district,FALSE,FALSE,FALSE,"ballot_math_fail (total=276, valid+void+spoiled=291) | candidate_sum_fail (sum=180, valid_votes=276)",,
cd5d53d703b78d4f10c0c4ce09837edc,หลุมข้าว น.20.pdf,normal,partylist,TRUE,TRUE,TRUE,,,
cede52131d4f56136a93e186c82dee9c,น.5 ต.สัมฤทธิ์ ส.ส.5_18 (บช).pdf,normal,district,TRUE,FALSE,FALSE,"ocr_extra_candidates:[10, 11, 12, 13, 14, 15, 16, 17, 18, 19, 20, 21, 22, 23, 24, 25, 26, 27, 28, 29, 30, 31, 32, 33, 34, 35, 36, 37, 38, 39, 40, 41, 42, 43, 44, 45, 46, 47, 48, 49, 50, 51, 52, 53, 54, 55, 56, 57] | candidate_sum_fail (sum=68, valid_votes=269)",,
cf88e992941b06beb368166a184fe740,ลำมูล น.3 10-2-69 09.41.pdf,normal,district,FALSE,FALSE,FALSE,"ballot_math_fail (total=275, valid+void+spoiled=265) | candidate_sum_fail (sum=960, valid_votes=250)",,
cf88e992941b06beb368166a184fe740,ลำมูล น.3 10-2-69 09.41.pdf,normal,partylist,FALSE,FALSE,FALSE,"null_header_field:voter_turnout | ballot_math_fail (total=275, valid+void+spoiled=268) | candidate_sum_fail (sum=264, valid_votes=257)",,
cfcd90e551022295366bdf7c0f6c7a44,โตนด น.3.pdf,normal,district,FALSE,TRUE,FALSE,null_header_field:total_ballots,,
cfcd90e551022295366bdf7c0f6c7a44,โตนด น.3.pdf,normal,partylist,FALSE,FALSE,FALSE,null_header_field:total_ballots | null_header_field:valid_votes | null_header_field:void_ballots,,
d09a006ae73926e482783dc3c9121e05,สส.5ทับ18.pdf,normal,district,TRUE,FALSE,FALSE,"candidate_sum_fail (sum=485, valid_votes=439)",,
d0c40a8760d0e9efa01942dbbc16aec0,ขามเฒ่า น.9.pdf,normal,district,TRUE,TRUE,TRUE,,,
d0c40a8760d0e9efa01942dbbc16aec0,ขามเฒ่า น.9.pdf,normal,partylist,TRUE,TRUE,TRUE,,,
d1794526f5224257b6032ef88eddac08,น.9 ต.กระเบื้องใหญ่ ส.ส.5_18 (บช).pdf,normal,partylist,TRUE,FALSE,FALSE,"ocr_missed_candidates:[30, 31, 32, 33, 34, 35, 36, 37, 38, 39, 40, 41, 42, 43, 44, 45, 46, 47, 48, 49, 50, 51, 52] | candidate_sum_fail (sum=54, valid_votes=114)",,
d285fd3788c368cd1887a55d253e5e6f,น.4 ต.ชีวาน ส.ส.5_18 (บช).pdf,normal,district,TRUE,FALSE,FALSE,"ocr_extra_candidates:[10, 11, 12, 13, 14, 15, 16, 17, 18, 19, 20, 21, 22, 23, 24, 25, 26, 27, 28, 29, 30, 31, 32, 33, 34, 35, 36, 37, 38, 39, 40, 41, 42, 43, 44, 45, 46, 47, 48, 49, 50, 51, 52, 53, 54, 55, 56, 57] | candidate_sum_fail (sum=110, valid_votes=198)",,
d2a6c1c3d8c0e92d3a4abf611c12d76f,สส.5ทับ18(บช).pdf,normal,partylist,TRUE,FALSE,FALSE,"candidate_sum_fail (sum=325, valid_votes=307)",,
d2bf56c7dbafe7a0ff103a36fa96b611,น.11 ต.กระเบื้องใหญ่ ส.ส.5_18 (บช).pdf,normal,partylist,FALSE,TRUE,FALSE,"null_header_field:eligible_voters | null_header_field:voter_turnout | ballot_math_fail (total=191, valid+void+spoiled=160)",,
d35798420350c435f6bd9a82f32f3006,มะค่า น.3.pdf,normal,district,FALSE,FALSE,FALSE,"ocr_missed_candidates:[1, 2, 4, 5, 6] | ocr_extra_candidates:[10, 11, 12, 13, 14, 15, 16, 17, 18, 19, 20, 21, 22, 23, 24, 25, 26, 27, 28, 29, 30, 31, 32, 33, 34, 35, 36, 37, 38, 39, 40, 41, 42, 43, 44, 45, 46, 47, 48, 49, 50, 51, 52, 53, 54, 55, 56, 57]",,
d415e57038146acba223b6b4a2c11b8d,ตำบลธารปราสาท หน่วยที่ 11 หมู่ที่ 13.pdf,normal,district,TRUE,TRUE,TRUE,,,
d415e57038146acba223b6b4a2c11b8d,ตำบลธารปราสาท หน่วยที่ 11 หมู่ที่ 13.pdf,normal,partylist,TRUE,TRUE,TRUE,,,
d41b1297763af5b37c619fdef36efbaa,สส.5ทับ18.pdf,normal,district,FALSE,FALSE,FALSE,"null_header_field:eligible_voters | null_header_field:total_ballots | candidate_sum_fail (sum=514, valid_votes=541)",,
d4997137716374368a78f96ae78062f1,หน่วยที่ 7 ตำบลดอนหวาย.pdf,normal,district,FALSE,FALSE,FALSE,"ballot_math_fail (total=251, valid+void+spoiled=159) | candidate_sum_fail (sum=226, valid_votes=126)",,
d4997137716374368a78f96ae78062f1,หน่วยที่ 7 ตำบลดอนหวาย.pdf,normal,partylist,FALSE,FALSE,FALSE,"ballot_math_fail (total=251, valid+void+spoiled=951) | candidate_sum_fail (sum=215, valid_votes=922)",,
d4a541575cc4e96d95297d1486acb97a,น.1.pdf,normal,district,FALSE,FALSE,FALSE,"ocr_missed_candidates:[7, 8, 9] | ballot_math_fail (total=454, valid+void+spoiled=434) | candidate_sum_fail (sum=187, valid_votes=407)",,
d4a541575cc4e96d95297d1486acb97a,น.1.pdf,normal,district,TRUE,FALSE,FALSE,"ocr_extra_candidates:[10, 11, 12, 13, 14, 15, 16, 17, 18, 19, 20, 21, 22, 23, 24, 25, 26, 27, 28, 29, 30, 31, 32, 33, 34, 35, 36, 37, 38, 39, 40, 41, 42, 43, 44, 45, 46, 47, 48, 49, 50, 51, 52, 53, 54, 55, 56, 57] | candidate_sum_fail (sum=143, valid_votes=408)",,
d517d2fff2d06c8636c55754f538c67c,มะค่า น.4.pdf,normal,district,TRUE,TRUE,TRUE,,,
d517d2fff2d06c8636c55754f538c67c,มะค่า น.4.pdf,normal,partylist,TRUE,TRUE,TRUE,,,
d55ea8393ea201ff03e4c63c4e8c5116,ดอนชมพู น.7.pdf,normal,district,TRUE,TRUE,TRUE,,,
d55ea8393ea201ff03e4c63c4e8c5116,ดอนชมพู น.7.pdf,normal,partylist,TRUE,FALSE,FALSE,"null_header_field:eligible_voters | candidate_sum_fail (sum=297, valid_votes=293)",,
d58457d381db4a9896996a0537d51635,นอกเขต ชุดที่ 1.pdf,advance_out_of_district,district,FALSE,FALSE,FALSE,"ballot_math_fail (total=640, valid+void+spoiled=7240) | candidate_sum_fail (sum=974, valid_votes=854)",,
d58457d381db4a9896996a0537d51635,นอกเขต ชุดที่ 1.pdf,advance_out_of_district,partylist,TRUE,FALSE,FALSE,"ocr_missed_candidates:[1, 2, 3, 4, 5, 6, 7, 8] | candidate_sum_fail (sum=894, valid_votes=612)",,
d696d93cc9604989dfe795ba4021e1c3,มะค่า น.2.pdf,normal,district,FALSE,TRUE,FALSE,"null_header_field:void_ballots | ballot_math_fail (total=359, valid+void+spoiled=343)",,
d696d93cc9604989dfe795ba4021e1c3,มะค่า น.2.pdf,normal,partylist,TRUE,FALSE,FALSE,"candidate_sum_fail (sum=315, valid_votes=321)",,
d69772ad1fa1caa7844bf4e4f7d8ecfd,น.4.pdf,normal,district,FALSE,FALSE,FALSE,"null_header_field:valid_votes | null_header_field:void_ballots | null_header_field:spoiled_ballots | ballot_math_fail (total=131, valid+void+spoiled=0)",,
d69772ad1fa1caa7844bf4e4f7d8ecfd,น.4.pdf,normal,partylist,FALSE,FALSE,FALSE,"ballot_math_fail (total=131, valid+void+spoiled=127) | candidate_sum_fail (sum=38, valid_votes=112)",,
d6f3de94db6257b39d964d7158a05c5c,ช.1.pdf,advance_out_of_district,district,FALSE,FALSE,FALSE,"ballot_math_fail (total=640, valid+void+spoiled=1240) | candidate_sum_fail (sum=626, valid_votes=354)",,
d6f3de94db6257b39d964d7158a05c5c,ช.1.pdf,advance_out_of_district,partylist,TRUE,FALSE,FALSE,"candidate_sum_fail (sum=618, valid_votes=612)",,
d97f23b29306b7911badd2316a8d2595,สส.5ทับ18.pdf,normal,district,TRUE,TRUE,TRUE,,,
dacf02677c9fdf87bf0b4a69722f0b8d,หน่วยที่ 15 ตำบลใหม่.pdf,normal,district,TRUE,TRUE,TRUE,,,
dacf02677c9fdf87bf0b4a69722f0b8d,หน่วยที่ 15 ตำบลใหม่.pdf,normal,partylist,TRUE,TRUE,TRUE,,,
db45f7440bea30f423cb86b529a69d7c,บิง น.1.pdf,normal,district,TRUE,TRUE,TRUE,,,
db45f7440bea30f423cb86b529a69d7c,บิง น.1.pdf,normal,partylist,TRUE,TRUE,TRUE,,,
dbb80df72bd762222c63fd7ed6cd61f7,ทต.ตลาดแค น.4.pdf,normal,district,TRUE,FALSE,FALSE,"candidate_sum_fail (sum=146, valid_votes=144)",,
dbb80df72bd762222c63fd7ed6cd61f7,ทต.ตลาดแค น.4.pdf,normal,partylist,FALSE,FALSE,FALSE,"ballot_math_fail (total=152, valid+void+spoiled=182) | candidate_sum_fail (sum=137, valid_votes=167)",,
dc33feab0951277c3b21975359099222,ดอนชมพู น.11.pdf,normal,district,FALSE,FALSE,FALSE,"ocr_extra_candidates:[10, 11, 12, 13, 14, 15, 16, 17, 18, 19, 20, 21, 22, 23, 24, 25, 26, 27, 28, 29, 30, 31, 32, 33, 34, 35, 36, 37, 38, 39, 40, 41, 42, 43, 44, 45, 46, 47, 48, 49, 50, 51, 52, 53, 54, 55, 56, 57]",,
dca1df07d6175b0ec5fc8bd5ec5f9b4a,ทต.โนนสูง หน่วยที่ 14.pdf,normal,district,TRUE,FALSE,FALSE,"null_header_field:moo | ocr_missed_candidates:[7, 8, 9] | candidate_sum_fail (sum=129, valid_votes=232)",,
dca1df07d6175b0ec5fc8bd5ec5f9b4a,ทต.โนนสูง หน่วยที่ 14.pdf,normal,partylist,TRUE,FALSE,FALSE,"null_header_field:moo | ocr_missed_candidates:[7, 8, 9, 10, 11, 12, 13, 14, 15, 16, 17, 18, 19, 20, 21, 22, 23, 24, 25, 26, 27, 28, 29] | candidate_sum_fail (sum=161, valid_votes=234)",,
dcc8a209f4b9a09a0f98b31bfd81aa89,พลสงคราม น.11 10-2-69 10.29.pdf,normal,district,TRUE,FALSE,FALSE,"candidate_sum_fail (sum=623, valid_votes=123)",,
dcc8a209f4b9a09a0f98b31bfd81aa89,พลสงคราม น.11 10-2-69 10.29.pdf,normal,partylist,TRUE,TRUE,TRUE,,,
dd9ebe9093b98fdfd47d41e2f8c28d3f,ดอนชมพู น.13.pdf,normal,district,FALSE,FALSE,FALSE,"ballot_math_fail (total=180, valid+void+spoiled=150) | candidate_sum_fail (sum=158, valid_votes=137)",,
dd9ebe9093b98fdfd47d41e2f8c28d3f,ดอนชมพู น.13.pdf,normal,district,TRUE,FALSE,FALSE,"ocr_extra_candidates:[10, 11, 12, 13, 14, 15, 16, 17, 18, 19, 20, 21, 22, 23, 24, 25, 26, 27, 28, 29, 30, 31, 32, 33, 34, 35, 36, 37, 38, 39, 40, 41, 42, 43, 44, 45, 46, 47, 48, 49, 50, 51, 52, 53, 54, 55, 56, 57] | candidate_sum_fail (sum=37, valid_votes=131)",,
de4df5580e70b5de3a5f3b1ff0374d0f,มะค่า น.11.pdf,normal,district,TRUE,TRUE,TRUE,,,
de4df5580e70b5de3a5f3b1ff0374d0f,มะค่า น.11.pdf,normal,partylist,TRUE,TRUE,TRUE,,,
de8669c6ef5fa962e75924a2de829cdc,หลุมข้าว น.18.pdf,normal,district,TRUE,TRUE,TRUE,,,
de8669c6ef5fa962e75924a2de829cdc,หลุมข้าว น.18.pdf,normal,partylist,FALSE,TRUE,FALSE,"ballot_math_fail (total=217, valid+void+spoiled=297)",,
df43fa51c001f20be94a9db68fcb9fb8,น.3 ต.กระเบื้องใหญ่ ส.ส.5_18 (บช).pdf,normal,district,TRUE,FALSE,FALSE,"ocr_extra_candidates:[10, 11, 12, 13, 14, 15, 16, 17, 18, 19, 20, 21, 22, 23, 24, 25, 26, 27, 28, 29, 30, 31, 32, 33, 34, 35, 36, 37, 38, 39, 40, 41, 42, 43, 44, 45, 46, 47, 48, 49, 50, 51, 52, 53, 54, 55, 56, 57] | candidate_sum_fail (sum=180, valid_votes=520)",,
df838e8e89a4707ff202a504c3924fbd,น.1 ต.กระเบื้องใหญ่ ส.ส.5_18.pdf,normal,district,FALSE,TRUE,FALSE,"ballot_math_fail (total=448, valid+void+spoiled=478)",,
e003ac431a4241e97cc6e656e8d8bc88,สส.5ทับ18(บช).pdf,normal,partylist,TRUE,TRUE,TRUE,,,
e075f536783989dfbcd207050445d5bb,สส.5ทับ18(บช).pdf,normal,partylist,TRUE,FALSE,FALSE,"candidate_sum_fail (sum=6382, valid_votes=269)",,
e07e1c73f96f08768df0db027b0fd36b,น.6.pdf,normal,district,TRUE,FALSE,FALSE,"candidate_sum_fail (sum=115, valid_votes=145)",,
e07e1c73f96f08768df0db027b0fd36b,น.6.pdf,normal,partylist,TRUE,TRUE,TRUE,,,
e0b57b82c5dfc7bbd9c0ff001f92f15e,น.2 ต.สัมฤทธิ์ ส.ส.5_18 (บช).pdf,normal,partylist,FALSE,FALSE,FALSE,"ballot_math_fail (total=469, valid+void+spoiled=463) | candidate_sum_fail (sum=258, valid_votes=425)",,
e19dc6d155deba3bd4af1814cd165f7f,สส.5ทับ18(บช).pdf,normal,partylist,TRUE,TRUE,TRUE,,,
e3bd020001b19595106ec10f5b5a01b7,ทต.โนนสูง หน่วยที่8.pdf,normal,district,TRUE,TRUE,TRUE,null_header_field:moo,,
e3bd020001b19595106ec10f5b5a01b7,ทต.โนนสูง หน่วยที่8.pdf,normal,partylist,TRUE,TRUE,TRUE,null_header_field:moo,,
e3eeca177743e4c1706592a14bb93e88,ตำบลธารปราสาท หน่วยที่ 13 หมู่ที่ 16.pdf,normal,district,FALSE,FALSE,FALSE,null_header_field:total_ballots | null_header_field:valid_votes | null_header_field:void_ballots | null_header_field:spoiled_ballots,,
e3eeca177743e4c1706592a14bb93e88,ตำบลธารปราสาท หน่วยที่ 13 หมู่ที่ 16.pdf,normal,partylist,TRUE,FALSE,FALSE,"ocr_missed_candidates:[30, 31, 32, 33, 34, 35, 36, 37, 38, 39, 40, 41, 42, 43, 44, 45, 46, 47, 48, 49, 50, 51, 52, 53, 54, 55, 56, 57] | candidate_sum_fail (sum=57, valid_votes=148)",,
e42848d5239ef804214407d5f11fd86e,โตนด น.5.pdf,normal,district,FALSE,FALSE,FALSE,"ballot_math_fail (total=293, valid+void+spoiled=313) | candidate_sum_fail (sum=275, valid_votes=295)",,
e42848d5239ef804214407d5f11fd86e,โตนด น.5.pdf,normal,partylist,TRUE,TRUE,TRUE,,,
e53a7fd9b541fff8f0e6d3d0cc60fbd7,ดอนชมพู น.9.pdf,normal,district,FALSE,FALSE,FALSE,"ballot_math_fail (total=405, valid+void+spoiled=215) | candidate_sum_fail (sum=405, valid_votes=13)",,
e53a7fd9b541fff8f0e6d3d0cc60fbd7,ดอนชมพู น.9.pdf,normal,partylist,FALSE,FALSE,FALSE,"ballot_math_fail (total=434, valid+void+spoiled=934) | candidate_sum_fail (sum=413, valid_votes=893)",,
e5b54c7dcf3ce1adaea35844beea48de,ลำคอหงษ์ น.12.pdf,normal,district,TRUE,TRUE,TRUE,,,
e5b54c7dcf3ce1adaea35844beea48de,ลำคอหงษ์ น.12.pdf,normal,partylist,TRUE,FALSE,FALSE,"candidate_sum_fail (sum=145, valid_votes=300)",,
e635b32b49185f06ac7ddc27c7b6608b,ด่านคล่า น.2.pdf,normal,district,TRUE,TRUE,TRUE,,,
e635b32b49185f06ac7ddc27c7b6608b,ด่านคล่า น.2.pdf,normal,partylist,TRUE,FALSE,FALSE,"candidate_sum_fail (sum=282, valid_votes=272)",,
e69f9663625a4c179cedf36579b493dc,หน่วยที่ 11 ตำบลใหม่.pdf,normal,district,FALSE,FALSE,FALSE,"ballot_math_fail (total=570, valid+void+spoiled=613) | candidate_sum_fail (sum=521, valid_votes=570)",,
e69f9663625a4c179cedf36579b493dc,หน่วยที่ 11 ตำบลใหม่.pdf,normal,partylist,FALSE,FALSE,FALSE,"null_header_field:eligible_voters | ballot_math_fail (total=570, valid+void+spoiled=564) | candidate_sum_fail (sum=502, valid_votes=490)",,
e725f7e0a5b0b98cc81c64259238709d,น.7 ต.ชีวาน ส.ส.5_18 (บช).pdf,normal,partylist,FALSE,FALSE,FALSE,"null_header_field:station_number | null_header_field:moo | null_header_field:spoiled_ballots | ballot_math_fail (total=220, valid+void+spoiled=213) | candidate_sum_fail (sum=222, valid_votes=202)",,
e76b9b78686f6b555e68e22fe65ceb04,น.11 ต.สัมฤทธิ์ ส.ส.5_18 (บช).pdf,normal,partylist,FALSE,FALSE,FALSE,"ballot_math_fail (total=278, valid+void+spoiled=244) | candidate_sum_fail (sum=239, valid_votes=201)",,
e79a810bc58d3eca65be424181e0730c,น.9 ต.สัมฤทธิ์ ส.ส.5_18.pdf,normal,district,FALSE,FALSE,FALSE,,,
e81ab2b70c44a0f40887d4767a1899d4,ด่านคล่า น.14 .pdf,normal,district,TRUE,FALSE,FALSE,"candidate_sum_fail (sum=143, valid_votes=191)",,
e81ab2b70c44a0f40887d4767a1899d4,ด่านคล่า น.14 .pdf,normal,partylist,FALSE,FALSE,FALSE,"ballot_math_fail (total=206, valid+void+spoiled=212) | candidate_sum_fail (sum=183, valid_votes=189)",,
e840c3a257d45ea2c942c1e76eb6d351,ดอนมพู น.4.pdf,normal,district,TRUE,FALSE,FALSE,"candidate_sum_fail (sum=535, valid_votes=245)",,
e840c3a257d45ea2c942c1e76eb6d351,ดอนมพู น.4.pdf,normal,partylist,FALSE,FALSE,FALSE,"ballot_math_fail (total=258, valid+void+spoiled=262) | candidate_sum_fail (sum=275, valid_votes=235)",,
e9a610d14e43169965c79aa14bbc9bb9,มะค่า น.8.pdf,normal,district,TRUE,FALSE,FALSE,"ocr_extra_candidates:[10, 11, 12, 13, 14, 15, 16, 17, 18, 19, 20, 21, 22, 23, 24, 25, 26, 27, 28, 29, 30, 31, 32, 33, 34, 35, 36, 37, 38, 39, 40, 41, 42, 43, 44, 45, 46, 47, 48, 49, 50, 51, 52, 53, 54, 55, 56, 57] | candidate_sum_fail (sum=120, valid_votes=266)",,
ea353fe61872e085c57967aa8d336cdc,ทต.ตลาดแค 1.pdf,normal,district,TRUE,TRUE,TRUE,,,
ea353fe61872e085c57967aa8d336cdc,ทต.ตลาดแค 1.pdf,normal,partylist,TRUE,TRUE,TRUE,,,
ea75517c808b5f12c163c38c98d8362c,น.8.pdf,normal,district,TRUE,TRUE,TRUE,,,
ea75517c808b5f12c163c38c98d8362c,น.8.pdf,normal,partylist,FALSE,TRUE,FALSE,"null_header_field:spoiled_ballots | ballot_math_fail (total=448, valid+void+spoiled=445)",,
ea90636baabdc1ee3f92f013bf6d9f56,หลุมข้าว น.3.pdf,normal,district,TRUE,TRUE,TRUE,,,
ea90636baabdc1ee3f92f013bf6d9f56,หลุมข้าว น.3.pdf,normal,partylist,TRUE,TRUE,TRUE,,,
eb47eae4940616a68963df8a156c098f,น.3 ต.ท่าหลวง ส.ส.5_18.pdf,normal,district,TRUE,TRUE,TRUE,,,
ec0759dc2b8491d0acee5ca8cc45e3e0,ส.ส. 5ทับ18.pdf,normal,district,TRUE,FALSE,FALSE,"ocr_extra_candidates:[16] | candidate_sum_fail (sum=439, valid_votes=429)",,
edbdfb26c8001cfda68d325e78316bb1,นอกเขต ชุดที่ 2.pdf,advance_out_of_district,district,TRUE,FALSE,FALSE,"candidate_sum_fail (sum=545, valid_votes=547)",,
edbdfb26c8001cfda68d325e78316bb1,นอกเขต ชุดที่ 2.pdf,advance_out_of_district,partylist,FALSE,FALSE,FALSE,"ballot_math_fail (total=641, valid+void+spoiled=668) | candidate_sum_fail (sum=570, valid_votes=641)",,
ee4d7bb45ec4c075ff6d3e2f85d3149f,หน่วยที่ 10 ตำบลใหม่.pdf,normal,district,TRUE,FALSE,FALSE,"candidate_sum_fail (sum=565, valid_votes=559)",,
ee4d7bb45ec4c075ff6d3e2f85d3149f,หน่วยที่ 10 ตำบลใหม่.pdf,normal,partylist,TRUE,FALSE,FALSE,"candidate_sum_fail (sum=552, valid_votes=549)",,
f11618bbb386817047fec680fbbbf24f,หน่วยที่ 8 ตำบลใหม่.pdf,normal,district,TRUE,FALSE,FALSE,"ocr_missed_candidates:[7, 8, 9] | candidate_sum_fail (sum=189, valid_votes=426)",,
f11618bbb386817047fec680fbbbf24f,หน่วยที่ 8 ตำบลใหม่.pdf,normal,partylist,TRUE,FALSE,FALSE,"ocr_missed_candidates:[1, 2, 3, 4, 5, 6] | candidate_sum_fail (sum=381, valid_votes=403)",,
f11f9e2758b2567958f7a3bfcf3aeb88,น.15.pdf,normal,district,TRUE,TRUE,TRUE,,,
f11f9e2758b2567958f7a3bfcf3aeb88,น.15.pdf,normal,partylist,FALSE,FALSE,FALSE,"ballot_math_fail (total=193, valid+void+spoiled=199) | candidate_sum_fail (sum=157, valid_votes=172)",,
f1359c664f9dadf5bc58c4d8e1e8f202,โตนด น.10.pdf,normal,district,TRUE,TRUE,TRUE,,,
f1359c664f9dadf5bc58c4d8e1e8f202,โตนด น.10.pdf,normal,partylist,TRUE,TRUE,TRUE,,,
f20b483ba73ef034ca20fa1e9acbf080,ดอนชมพู น.5.pdf,normal,district,FALSE,FALSE,FALSE,"ballot_math_fail (total=444, valid+void+spoiled=196) | candidate_sum_fail (sum=444, valid_votes=11)",,
f20b483ba73ef034ca20fa1e9acbf080,ดอนชมพู น.5.pdf,normal,partylist,TRUE,FALSE,FALSE,"candidate_sum_fail (sum=435, valid_votes=429)",,
f39ab44885a05f3a23e54312ce9b8167,ทต.โนนสูง หน่วยที่ 9.pdf,normal,district,FALSE,TRUE,FALSE,"null_header_field:moo | null_header_field:eligible_voters | ballot_math_fail (total=525, valid+void+spoiled=677)",,
f39ab44885a05f3a23e54312ce9b8167,ทต.โนนสูง หน่วยที่ 9.pdf,normal,partylist,TRUE,FALSE,FALSE,"null_header_field:moo | no_candidates_parsed | ocr_missed_candidates:[30, 31, 32, 33, 34, 35, 36, 37, 38, 39, 40, 41, 42, 43, 44, 45, 46, 47, 48, 49, 50, 51, 52, 53, 54, 55, 56, 57] | candidate_sum_fail (sum=179, valid_votes=481)",,
f3ecf1bfa573c86f435ad17eecfcb95c,น.1 ต.สัมฤทธิ์ ส.ส.5_18 (บช).pdf,normal,partylist,TRUE,TRUE,TRUE,,,
f5cd1c7cf87deeb58b68d32cbbcc10af,ทต.ตลาดแค น.5.pdf,normal,district,TRUE,FALSE,FALSE,"candidate_sum_fail (sum=107, valid_votes=97)",,
f5cd1c7cf87deeb58b68d32cbbcc10af,ทต.ตลาดแค น.5.pdf,normal,partylist,TRUE,TRUE,TRUE,,,
f6a0fb7a2121e7dd73e904fd58c4ce89,มะค่า น.16.pdf,normal,district,TRUE,TRUE,TRUE,,,
f6a0fb7a2121e7dd73e904fd58c4ce89,มะค่า น.16.pdf,normal,partylist,FALSE,FALSE,FALSE,"ballot_math_fail (total=353, valid+void+spoiled=413) | candidate_sum_fail (sum=5018, valid_votes=378)",,
f6f0beae30ec4363ceb2940bd1acaad6,หน่วยที่ 8 ตำบลจันอัด.pdf,normal,district,TRUE,FALSE,FALSE,"candidate_sum_fail (sum=255, valid_votes=215)",,
f6f0beae30ec4363ceb2940bd1acaad6,หน่วยที่ 8 ตำบลจันอัด.pdf,normal,partylist,TRUE,FALSE,FALSE,"candidate_sum_fail (sum=368, valid_votes=209)",,
f7d80d2a3bd4fc4768f6160b2506c0fb,หน่วย 3 ตำบลดอนหวาย.pdf,normal,district,TRUE,FALSE,FALSE,"candidate_sum_fail (sum=281, valid_votes=312)",,
f7d80d2a3bd4fc4768f6160b2506c0fb,หน่วย 3 ตำบลดอนหวาย.pdf,normal,partylist,TRUE,FALSE,FALSE,"candidate_sum_fail (sum=285, valid_votes=305)",,
f8139889ac2eb2a32ee940a21e53ccd3,น.5 ต.ชีวาน ส.ส.5_18.pdf,normal,district,FALSE,FALSE,FALSE,"ocr_missed_candidates:[1, 2, 4, 5, 6]",,
f8758b78bdf5ec0a9b54a1cca35ea0a1,น.6 ต.กระเบื้องใหญ่ ส.ส.5_18 (บช).pdf,normal,district,TRUE,FALSE,FALSE,"ocr_extra_candidates:[10, 11, 12, 13, 14, 15, 16, 17, 18, 19, 20, 21, 22, 23, 24, 25, 26, 27, 28, 29, 30, 31, 32, 33, 34, 35, 36, 37, 38, 39, 40, 41, 42, 43, 44, 45, 46, 47, 48, 49, 50, 51, 52, 53, 54, 55, 56, 57] | candidate_sum_fail (sum=120, valid_votes=269)",,
f927242ce72c03ccf430f886837200a5,บิง น.12.pdf,normal,district,TRUE,FALSE,FALSE,"candidate_sum_fail (sum=428, valid_votes=362)",,
f927242ce72c03ccf430f886837200a5,บิง น.12.pdf,normal,partylist,TRUE,FALSE,FALSE,"candidate_sum_fail (sum=341, valid_votes=361)",,
fa166bd9af86ca2e446a80484b1d68d1,ตำบลธารปราสาท หน่วยที่ 9 หมู่ที่ 11.pdf,normal,district,TRUE,TRUE,TRUE,,,
fa166bd9af86ca2e446a80484b1d68d1,ตำบลธารปราสาท หน่วยที่ 9 หมู่ที่ 11.pdf,normal,partylist,TRUE,FALSE,FALSE,"candidate_sum_fail (sum=240, valid_votes=232)",,
fa1c4a9ae730496b938cdca9608f6494,โตนด น.4.pdf,normal,district,TRUE,TRUE,TRUE,ocr_extra_candidates:[20],,
fa1c4a9ae730496b938cdca9608f6494,โตนด น.4.pdf,normal,partylist,TRUE,TRUE,TRUE,null_header_field:station_number,,
fa294d6ad668addeec555d11addd039d,ลำมูล น.5 10-2-69 09.49.pdf,normal,district,TRUE,FALSE,FALSE,"candidate_sum_fail (sum=259, valid_votes=179)",,
fa294d6ad668addeec555d11addd039d,ลำมูล น.5 10-2-69 09.49.pdf,normal,partylist,TRUE,FALSE,FALSE,"null_header_field:spoiled_ballots | candidate_sum_fail (sum=459, valid_votes=174)",,
fa5e215a3064c2e538c66e1c78e2f5a8,ตำบลธารปราสาท หน่วยที่ 7 หมู่ที่ 9.pdf,normal,district,FALSE,FALSE,FALSE,null_header_field:total_ballots | null_header_field:valid_votes | null_header_field:void_ballots | null_header_field:spoiled_ballots,,
fa5e215a3064c2e538c66e1c78e2f5a8,ตำบลธารปราสาท หน่วยที่ 7 หมู่ที่ 9.pdf,normal,partylist,TRUE,FALSE,FALSE,"candidate_sum_fail (sum=267, valid_votes=271)",,
fcdd4c7c761399912f902500e31075ef,น.8 ต.สัมฤทธิ์ ส.ส.5_18 (บช).pdf,normal,district,FALSE,FALSE,FALSE,"null_header_field:total_ballots | null_header_field:valid_votes | ocr_extra_candidates:[10, 11, 12, 13, 14, 15, 16, 17, 18, 19, 20, 21, 22, 23, 24, 25, 26, 27, 28, 29, 30, 31, 32, 33, 34, 35, 36, 37, 38, 39, 40, 41, 42, 43, 44, 45, 46, 47, 48, 49, 50, 51, 52, 53, 54, 55, 56, 57]",,
fd64ee8c38fae3f31b40de7971eef3c6,หลุมข้าว น.5.pdf,normal,district,FALSE,FALSE,FALSE,"ballot_math_fail (total=341, valid+void+spoiled=346) | candidate_sum_fail (sum=335, valid_votes=327)",,
fd64ee8c38fae3f31b40de7971eef3c6,หลุมข้าว น.5.pdf,normal,district,FALSE,FALSE,FALSE,"null_header_field:total_ballots | null_header_field:valid_votes | null_header_field:void_ballots | null_header_field:spoiled_ballots | ocr_extra_candidates:[10, 11, 12, 13, 14, 15, 16, 17, 18, 19, 20, 21, 22, 23, 24, 25, 26, 27, 28, 29, 30, 31, 32, 33, 34, 35, 36, 37, 38, 39, 40, 41, 42, 43, 44, 45, 46, 47, 48, 49, 50, 51, 52, 53, 54, 55, 56, 57]",,
fd6e8ee70887f1339ea20b9ef162304c,ทต.โนนสูง หน่วยที่ 10.pdf,normal,district,FALSE,FALSE,FALSE,"null_header_field:moo | null_header_field:total_ballots | candidate_sum_fail (sum=485, valid_votes=547)",,
fd6e8ee70887f1339ea20b9ef162304c,ทต.โนนสูง หน่วยที่ 10.pdf,normal,district,FALSE,FALSE,FALSE,"null_header_field:moo | null_header_field:eligible_voters | null_header_field:total_ballots | null_header_field:valid_votes | null_header_field:void_ballots | null_header_field:spoiled_ballots | ocr_extra_candidates:[10, 11, 12, 13, 14, 15, 16, 17, 18, 19, 20, 21, 22, 23, 24, 25, 26, 27, 28, 29, 30, 31, 32, 33, 34, 35, 36, 37, 38, 39, 40, 41, 42, 43, 44, 45, 46, 47, 48, 49, 50, 51, 52]",,
fddd7985651317e30752fff395eacb94,ด่านคล่า น.1 .pdf,normal,district,TRUE,TRUE,TRUE,null_header_field:voter_turnout,,
fddd7985651317e30752fff395eacb94,ด่านคล่า น.1 .pdf,normal,partylist,FALSE,FALSE,FALSE,"ballot_math_fail (total=31, valid+void+spoiled=62) | candidate_sum_fail (sum=276, valid_votes=27)",,
fe6a3f76482d5c69d8a2eaee15429790,ส.ส. 5ทับ18.pdf,normal,district,TRUE,TRUE,TRUE,,,