file_id,pdf_name,processed_at,total_pages,election_type,ballot_type,district,subdistrict,moo,station_number,eligible_voters,voter_turnout,total_ballots,valid_votes,void_ballots,spoiled_ballots,total_is_valid,candidate_sum_valid,validation_message,candidate_sum_message,failure_modes,failure_mode_count,imputed_fields,count_tier,meta_tier,turnout_rate,void_rate,spoil_rate
fd6e8ee70887f1339ea20b9ef162304c,ทต.โนนสูง หน่วยที่ 10.pdf,2026-05-09T13:56:12.707976,3,normal,partylist,อำเภอโนนสูง,ตำบลโนนสูง,,10.0,,547.0,,,,,False,False,total_ballots not found in header,valid_votes not available for comparison,"null_header_field:moo | null_header_field:eligible_voters | null_header_field:total_ballots | null_header_field:valid_votes | null_header_field:void_ballots | null_header_field:spoiled_ballots | ocr_missed_candidates:[53, 54, 55, 56, 57]",7,,C,M0,,,
06a5458d5c817219aaaf393768148e22,หลุมข้าว น.11.pdf,2026-05-09T13:43:47.034503,2,normal,district,อำเภอโนนสูง,ตำบลหลุมข้าว,9.0,11.0,751.0,463.0,,,,,False,False,total_ballots not found in header,valid_votes not available for comparison,null_header_field:total_ballots | null_header_field:valid_votes | null_header_field:void_ballots | null_header_field:spoiled_ballots | ocr_extra_candidates:[20],5,,C,M0,0.6165113182423435,,
2cee8c7723126fc0e303dd594987ae11,หน่วยที่ 7 ตำบลจันอัด.pdf,2026-05-09T13:19:22.482499,4,normal,partylist,อำเภอโนนสูง,ตำบลจันอัด,7.0,,478.0,316.0,316.0,269.0,25.0,24.0,False,False,Ballot math mismatch: 269+25+24=318 ≠ 316,Candidate sum mismatch: sum=202 ≠ valid_votes=269,"null_header_field:station_number | ocr_missed_candidates:[7, 8, 9] | ocr_extra_candidates:[70, 81, 92] | ballot_math_fail (total=316, valid+void+spoiled=318) | candidate_sum_fail (sum=202, valid_votes=269)",5,,C,M1,0.6610878661087866,0.07911392405063292,0.0759493670886076
621650be07d7f7a7861cd2c995334ca1,สส.5ทับ18.pdf,2026-05-09T13:14:13.505283,2,normal,district,อำเภอเฉลิมพระเกียรติ,ตำบลท่าช้าง,8.0,5.0,322.0,281.0,201.0,,,,False,False,Ballot math mismatch: 0+0+0=0 ≠ 201,valid_votes not available for comparison,"null_header_field:valid_votes | null_header_field:void_ballots | null_header_field:spoiled_ballots | ocr_extra_candidates:[20] | ballot_math_fail (total=201, valid+void+spoiled=0)",5,,C,M0,0.8726708074534162,,
9285377ca5b4959b50fd01cdc48c7099,ทต.ตลาดแค น.3.pdf,2026-05-06T15:37:34.869828,2,normal,district,อำเภอโนนสูง,ตำบลธารปราสาท,2.0,3.0,,303.0,,,,,False,False,total_ballots not found in header,valid_votes not available for comparison,null_header_field:eligible_voters | null_header_field:total_ballots | null_header_field:valid_votes | null_header_field:void_ballots | null_header_field:spoiled_ballots,5,,C,M0,,,
e725f7e0a5b0b98cc81c64259238709d,น.7 ต.ชีวาน ส.ส.5_18 (บช).pdf,2026-05-06T10:36:25.923494,4,normal,partylist,อำเภอพิมาย,ตำบลชีวาน,,,336.0,220.0,220.0,202.0,11.0,7.0,False,False,Ballot math mismatch: 202+11+0=213 ≠ 220,Candidate sum mismatch: sum=222 ≠ valid_votes=202,"null_header_field:station_number | null_header_field:moo | null_header_field:spoiled_ballots | ballot_math_fail (total=220, valid+void+spoiled=213) | candidate_sum_fail (sum=222, valid_votes=202)",5,spoiled_ballots,B,M1,0.6547619047619048,0.05,0.031818181818181815
b7470c7c65929282046d25b5216030cb,ตำบลธารปราสาท หน่วยที่ 8 หมู่ที่ 10.pdf,2026-05-06T12:17:36.906345,1,normal,district,อำเภอโนนสูง,ตำบลธารปราสาท,10.0,3.0,324.0,209.0,,,,,False,False,total_ballots not found in header,valid_votes not available for comparison,"null_header_field:total_ballots | null_header_field:valid_votes | null_header_field:void_ballots | null_header_field:spoiled_ballots | ocr_missed_candidates:[7, 8, 9]",5,,C,M0,0.6450617283950617,,
25aa62daeb3117304066272464179915,ดอนชมพู 6.pdf,2026-05-06T12:02:44.653388,4,normal,partylist,อำเภอโนนสูง,ตำบลดอนชมพู,6.0,6.0,360.0,,,,,,False,False,total_ballots not found in header,valid_votes not available for comparison,null_header_field:voter_turnout | null_header_field:total_ballots | null_header_field:valid_votes | null_header_field:void_ballots | null_header_field:spoiled_ballots,5,,C,M0,,,
60b793a6e0a51c5400a8c3a416ffcd27,น.5 ต.กระเบื้องใหญ่ ส.ส.5_18.pdf,2026-05-06T10:26:45.885363,2,normal,district,อำเภอพิมาย,ตำบลกระเบื้องใหญ่,6.0,5.0,432.0,310.0,310.0,,,,False,False,Ballot math mismatch: 0+0+0=0 ≠ 310,valid_votes not available for comparison,"null_header_field:valid_votes | null_header_field:void_ballots | null_header_field:spoiled_ballots | ballot_math_fail (total=310, valid+void+spoiled=0)",4,,C,M0,0.7175925925925926,,
4d5a069fbfdff3caeabca03540c1ff33,โตนด น.2.pdf,2026-05-06T14:08:57.010211,2,normal,district,อำเภอโนนสูง,ตำบลโตนด,2.0,2.0,448.0,334.0,,,,,False,False,total_ballots not found in header,valid_votes not available for comparison,null_header_field:total_ballots | null_header_field:valid_votes | null_header_field:void_ballots | null_header_field:spoiled_ballots,4,,C,M0,0.7455357142857143,,
5821db70132f15cecc2384d634f608f1,ตำบลธารปราสาท หน่วยที่ 5 หมู่ที่ 7.pdf,2026-05-06T12:15:15.308852,2,normal,district,อำเภอโนนสูง,ตำบลธารปราสาท,7.0,5.0,519.0,362.0,362.0,,,,False,False,Ballot math mismatch: 2737+0+0=2737 ≠ 362,Candidate sum mismatch: sum=337 ≠ valid_votes=2737,"null_header_field:void_ballots | null_header_field:spoiled_ballots | ballot_math_fail (total=362, valid+void+spoiled=2737) | candidate_sum_fail (sum=337, valid_votes=2737)",4,,C,M0,0.697495183044316,,
190d6d0f36efd27ad5d87ca33aa82497,ขามเฒ่า น.4.pdf,2026-05-06T11:42:29.364789,4,normal,partylist,อำเภอโนนสูง,ตำบลขามเฒ่า,4.0,4.0,479.0,315.0,,,,,False,False,total_ballots not found in header,valid_votes not available for comparison,null_header_field:total_ballots | null_header_field:valid_votes | null_header_field:void_ballots | null_header_field:spoiled_ballots,4,,C,M0,0.6576200417536534,,
e3eeca177743e4c1706592a14bb93e88,ตำบลธารปราสาท หน่วยที่ 13 หมู่ที่ 16.pdf,2026-05-06T12:10:29.750402,2,normal,district,อำเภอโนนสูง,ตำบลธารปราสาท,16.0,13.0,248.0,172.0,,,,,False,False,total_ballots not found in header,valid_votes not available for comparison,null_header_field:total_ballots | null_header_field:valid_votes | null_header_field:void_ballots | null_header_field:spoiled_ballots,4,,C,M0,0.6935483870967742,,
b54428d67180cbc697edfc2f433958f0,หลุมข้าว น.9.pdf,2026-05-06T13:46:28.506662,4,normal,partylist,อำเภอโนนสูง,ตำบลหลุมข้าว,7.0,9.0,413.0,273.0,,,,,False,False,total_ballots not found in header,valid_votes not available for comparison,null_header_field:total_ballots | null_header_field:valid_votes | null_header_field:void_ballots | null_header_field:spoiled_ballots,4,,C,M0,0.6610169491525424,,
a48654efcc4c764289066f808d1281a5,น.6 ต.ชีวาน ส.ส.5_18.pdf,2026-05-06T10:36:01.690438,2,normal,district,อำเภอพิมาย,ตำบลชีวาน,6.0,6.0,680.0,466.0,,,,,False,False,total_ballots not found in header,valid_votes not available for comparison,null_header_field:total_ballots | null_header_field:valid_votes | null_header_field:void_ballots | null_header_field:spoiled_ballots,4,,C,M0,0.6852941176470588,,
94c895d1f78db1e25a52740f280bac16,ด่านคล่า น. 3 .pdf,2026-05-06T14:52:13.253540,4,normal,partylist,อำเภอโนนสูง,ตำบลด่านคล้า,3.0,3.0,330.0,225.0,,,,,False,False,total_ballots not found in header,valid_votes not available for comparison,null_header_field:total_ballots | null_header_field:valid_votes | null_header_field:void_ballots | null_header_field:spoiled_ballots,4,,C,M0,0.6818181818181818,,
69cdb0545163a46fd42e5914500853bb,หน่วยที่ 2 ตำบลจันอัด.pdf,2026-05-06T11:49:16.016421,2,normal,district,อำเภอโนนสูง,ตำบลจันอัด,2.0,2.0,826.0,572.0,,,,,False,False,total_ballots not found in header,valid_votes not available for comparison,null_header_field:total_ballots | null_header_field:valid_votes | null_header_field:void_ballots | null_header_field:spoiled_ballots,4,,C,M0,0.6924939467312349,,
6888d75039950dcd1d2311e3c4d33212,ดอนชมพู น.10.pdf,2026-05-06T11:55:54.096364,4,normal,partylist,อำเภอโนนสูง,ตำบลดอนชมพู,9.0,10.0,349.0,270.0,,,,,False,False,total_ballots not found in header,valid_votes not available for comparison,null_header_field:total_ballots | null_header_field:valid_votes | null_header_field:void_ballots | null_header_field:spoiled_ballots,4,,C,M0,0.7736389684813754,,
8476eb4d191d9c5664d1972b47828311,หน่วยที่ 9 ตำบลใหม่.pdf,2026-05-06T15:35:04.885576,4,normal,partylist,อำเภอโนนสูง,ตำบลใหม่,1.0,1.0,740.0,527.0,,,,,False,False,total_ballots not found in header,valid_votes not available for comparison,null_header_field:total_ballots | null_header_field:valid_votes | null_header_field:void_ballots | null_header_field:spoiled_ballots,4,,C,M0,0.7121621621621622,,
8afd7fb51796fcce8c385882c227b665,ขามเฒ่า น.2.pdf,2026-05-06T11:40:48.598835,2,normal,district,อำเภอโนนสูง,ตำบลขามเฒ่า,2.0,2.0,608.0,402.0,,,,,False,False,total_ballots not found in header,valid_votes not available for comparison,null_header_field:total_ballots | null_header_field:valid_votes | null_header_field:void_ballots | null_header_field:spoiled_ballots,4,,C,M0,0.6611842105263158,,
1cd37fa4edbbaeb75dd50e502d334240,ขามเฒ่า น.14.pdf,2026-05-06T11:39:07.102096,2,normal,district,อำเภอโนนสูง,ตำบลขามเฒ่า,14.0,14.0,274.0,158.0,,,,,False,False,total_ballots not found in header,valid_votes not available for comparison,null_header_field:total_ballots | null_header_field:valid_votes | null_header_field:void_ballots | null_header_field:spoiled_ballots,4,,C,M0,0.5766423357664233,,
f39ab44885a05f3a23e54312ce9b8167,ทต.โนนสูง หน่วยที่ 9.pdf,2026-05-06T15:18:26.303052,3,normal,partylist,อำเภอโนนสูง,ตำบลโนนสูง,,2.0,714.0,525.0,525.0,481.0,28.0,16.0,True,False,OK,Candidate sum mismatch: sum=179 ≠ valid_votes=481,"null_header_field:moo | no_candidates_parsed | ocr_missed_candidates:[30, 31, 32, 33, 34, 35, 36, 37, 38, 39, 40, 41, 42, 43, 44, 45, 46, 47, 48, 49, 50, 51, 52, 53, 54, 55, 56, 57] | candidate_sum_fail (sum=179, valid_votes=481)",4,,B,M0,0.7352941176470589,0.05333333333333334,0.030476190476190476
d69772ad1fa1caa7844bf4e4f7d8ecfd,น.4.pdf,2026-05-06T13:58:58.570787,2,normal,district,อำเภอโนนสูง,ตำบลเมืองปราสาท,4.0,4.0,192.0,131.0,131.0,,,,False,False,Ballot math mismatch: 0+0+0=0 ≠ 131,valid_votes not available for comparison,"null_header_field:valid_votes | null_header_field:void_ballots | null_header_field:spoiled_ballots | ballot_math_fail (total=131, valid+void+spoiled=0)",4,,C,M0,0.6822916666666666,,
fa5e215a3064c2e538c66e1c78e2f5a8,ตำบลธารปราสาท หน่วยที่ 7 หมู่ที่ 9.pdf,2026-05-06T12:16:48.363500,2,normal,district,อำเภอโนนสูง,ตำบลธารปราสาท,9.0,7.0,505.0,311.0,,,,,False,False,total_ballots not found in header,valid_votes not available for comparison,null_header_field:total_ballots | null_header_field:valid_votes | null_header_field:void_ballots | null_header_field:spoiled_ballots,4,,C,M0,0.6158415841584158,,
6a5ecbc01fee18c6d9e449290332c94f,ขามเฒ่า น.5.pdf,2026-05-06T11:43:20.537034,2,normal,district,อำเภอโนนสูง,ตำบลขามเฒ่า,6.0,6.0,320.0,191.0,191.0,,,,False,False,Ballot math mismatch: 0+0+0=0 ≠ 191,valid_votes not available for comparison,"null_header_field:valid_votes | null_header_field:void_ballots | null_header_field:spoiled_ballots | ballot_math_fail (total=191, valid+void+spoiled=0)",4,,C,M0,0.596875,,
69cdb0545163a46fd42e5914500853bb,หน่วยที่ 2 ตำบลจันอัด.pdf,2026-05-06T11:49:16.016521,4,normal,partylist,อำเภอโนนสูง,ตำบลจันอัด,2.0,2.0,826.0,572.0,,,,,False,False,total_ballots not found in header,valid_votes not available for comparison,null_header_field:total_ballots | null_header_field:valid_votes | null_header_field:void_ballots | null_header_field:spoiled_ballots,4,,C,M0,0.6924939467312349,,
b7470c7c65929282046d25b5216030cb,ตำบลธารปราสาท หน่วยที่ 8 หมู่ที่ 10.pdf,2026-05-06T12:17:36.906461,4,normal,partylist,อำเภอโนนสูง,ตำบลธารปราสาท,10.0,8.0,324.0,209.0,,,,,False,False,total_ballots not found in header,valid_votes not available for comparison,null_header_field:total_ballots | null_header_field:valid_votes | null_header_field:void_ballots | null_header_field:spoiled_ballots,4,,C,M0,0.6450617283950617,,
cc5d4a02c808a175024ea823c86540af,น.4 ต.ท่าหลวง ส.ส.5_18 (บช).pdf,2026-05-06T10:41:38.597877,4,normal,partylist,อำเภอพิมาย,ตำบลท่าหลวง,4.0,4.0,510.0,342.0,,,,,False,False,total_ballots not found in header,valid_votes not available for comparison,null_header_field:total_ballots | null_header_field:valid_votes | null_header_field:void_ballots | null_header_field:spoiled_ballots,4,,C,M0,0.6705882352941176,,
1d09187e57d0477f9258c24ff39f001c,ลำมูล น.6 10-2-69 09.51.pdf,2026-05-06T13:28:46.801544,1,normal,district,อำเภอโนนสูง,ตำบลลำมูล,2.0,2.0,818.0,556.0,,556.0,,22.0,False,False,total_ballots not found in header,Candidate sum mismatch: sum=289 ≠ valid_votes=556,"null_header_field:total_ballots | null_header_field:void_ballots | ocr_missed_candidates:[7, 8, 9] | candidate_sum_fail (sum=289, valid_votes=556)",4,,C,M0,0.6797066014669927,,
06a5458d5c817219aaaf393768148e22,หลุมข้าว น.11.pdf,2026-05-09T13:43:47.034591,4,normal,partylist,อำเภอโนนสูง,ตำบลหลุมข้าว,9.0,17.0,751.0,443.0,,,,,False,False,total_ballots not found in header,valid_votes not available for comparison,null_header_field:total_ballots | null_header_field:valid_votes | null_header_field:void_ballots | null_header_field:spoiled_ballots,4,,C,M0,0.5898801597869507,,
29d29923896aed90aa0b5bc4d447ad89,บิง น.6.pdf,2026-05-06T12:25:55.759806,4,normal,partylist,อำเภอโนนสูง,ตำบลบิง,6.0,6.0,341.0,217.0,,,,,False,False,total_ballots not found in header,valid_votes not available for comparison,null_header_field:total_ballots | null_header_field:valid_votes | null_header_field:void_ballots | null_header_field:spoiled_ballots,4,,C,M0,0.6363636363636364,,
0982e6d3e342b27cc18ac2dab601ac12,น.9 ต.ท่าหลวง ส.ส.5_18 (บช).pdf,2026-05-06T10:45:40.525416,3,normal,partylist,อำเภอพิมาย,ตำบลท่าหลวง,11.0,9.0,750.0,544.0,544.0,497.0,28.0,,False,False,Ballot math mismatch: 497+28+179=704 ≠ 544,Candidate sum mismatch: sum=304 ≠ valid_votes=497,"ocr_missed_candidates:[7, 8, 9, 10, 11, 12, 13, 14, 15, 16, 17, 18, 19, 20, 21, 22, 23, 24, 25, 26, 27, 28, 29] | ballot_math_fail (total=544, valid+void+spoiled=704) | candidate_sum_fail (sum=304, valid_votes=497)",3,,C,M0,0.7253333333333334,0.051470588235294115,0.3290441176470588
2cee8c7723126fc0e303dd594987ae11,หน่วยที่ 7 ตำบลจันอัด.pdf,2026-05-09T13:19:22.482432,1,normal,district,อำเภอโนนสูง,ตำบลจันอัด,7.0,7.0,478.0,316.0,316.0,259.0,25.0,,False,False,Ballot math mismatch: 259+25+92=376 ≠ 316,Candidate sum mismatch: sum=145 ≠ valid_votes=259,"ocr_missed_candidates:[7, 8, 9] | ballot_math_fail (total=316, valid+void+spoiled=376) | candidate_sum_fail (sum=145, valid_votes=259)",3,,C,M0,0.6610878661087866,0.07911392405063292,0.2911392405063291
67c7f449bb3c1e170f595deb775f3b49,ขามเฒ่า น.10.pdf,2026-05-09T13:17:41.424261,1,normal,district,อำเภอโนนสูง,ตำบลขามเฒ่า,10.0,10.0,273.0,196.0,196.0,191.0,5.0,2.0,False,False,Ballot math mismatch: 191+5+2=198 ≠ 196,Candidate sum mismatch: sum=136 ≠ valid_votes=191,"ocr_missed_candidates:[7, 8, 9] | ballot_math_fail (total=196, valid+void+spoiled=198) | candidate_sum_fail (sum=136, valid_votes=191)",3,,C,M0,0.717948717948718,0.025510204081632654,0.01020408163265306
36cf987c0b8dc650b710d1ad5bb3a733,ช.5.pdf,2026-05-06T10:14:57.663490,1,advance_out_of_district,district,,,,,,,640.0,566.0,28.0,,False,False,Ballot math mismatch: 566+28+76=670 ≠ 640,Candidate sum mismatch: sum=557 ≠ valid_votes=566,"ocr_missed_candidates:[9] | ballot_math_fail (total=640, valid+void+spoiled=670) | candidate_sum_fail (sum=557, valid_votes=566)",3,,C,M1,,0.04375,0.11875
37e4e99d0c85867f7e842820070a715a,น.14 ต.สัมฤทธิ์ ส.ส.5_18 (บช).pdf,2026-05-06T10:49:27.387596,4,normal,partylist,อำเภอพิมาย,ตำบลสัมฤทธิ์,13.0,14.0,754.0,447.0,447.0,403.0,21.0,23.0,True,False,OK,Candidate sum mismatch: sum=187 ≠ valid_votes=403,"no_candidates_parsed | ocr_missed_candidates:[7, 8, 9, 10, 11, 12, 13, 14, 15, 16, 17, 18, 19, 20, 21, 22, 23, 24, 25, 26, 27, 28, 29] | candidate_sum_fail (sum=187, valid_votes=403)",3,,B,M0,0.5928381962864722,0.04697986577181208,0.05145413870246085
28d48750cfcee755760f22a1fde8cece,บิง น.5.pdf,2026-05-06T12:25:07.832738,2,normal,district,อำเภอโนนสูง,ตำบลบิง,5.0,5.0,,391.0,391.0,345.0,9.0,17.0,False,False,Ballot math mismatch: 345+9+17=371 ≠ 391,Candidate sum mismatch: sum=349 ≠ valid_votes=345,"null_header_field:eligible_voters | ballot_math_fail (total=391, valid+void+spoiled=371) | candidate_sum_fail (sum=349, valid_votes=345)",3,,C,M0,,0.023017902813299233,0.043478260869565216
0b761babc6d4b93e97027688d71d4eab,น.12.pdf,2026-05-06T13:51:01.725336,2,normal,district,อำเภอโนนสูง,ตำบลเมืองปราสาท,11.0,12.0,417.0,267.0,,,,10.0,False,False,total_ballots not found in header,valid_votes not available for comparison,null_header_field:total_ballots | null_header_field:valid_votes | null_header_field:void_ballots,3,,C,M0,0.6402877697841727,,
488698f247041d19abeb428a9de79053,ทต.โนนสูง หน่วยที่ 2.pdf,2026-05-06T15:11:59.977020,2,normal,district,อำเภอโนนสูง,ตำบลโนนสูง,,2.0,424.0,297.0,297.0,260.0,10.0,,False,False,Ballot math mismatch: 260+10+297=567 ≠ 297,Candidate sum mismatch: sum=263 ≠ valid_votes=260,"null_header_field:moo | ballot_math_fail (total=297, valid+void+spoiled=567) | candidate_sum_fail (sum=263, valid_votes=260)",3,,C,M0,0.7004716981132075,0.03367003367003367,1.0
42f3ac085363984bb79419b961fb288c,หน่วยที่ 3 ตำบลจันอัด.pdf,2026-05-06T11:50:05.003785,4,normal,partylist,อำเภอโนนสูง,ตำบลจันอัด,3.0,3.0,311.0,224.0,224.0,204.0,14.0,6.0,False,False,total_ballots not found in header,Candidate sum mismatch: sum=192 ≠ valid_votes=204,"null_header_field:total_ballots | ocr_missed_candidates:[1, 2, 3, 4] | candidate_sum_fail (sum=192, valid_votes=204)",3,total_ballots,B,M0,0.7202572347266881,0.0625,0.026785714285714284
6dc4e136b4b80b7ff1c0f4d776e0699f,น.2 ต.ท่าหลวง ส.ส.5_18 (บช).pdf,2026-05-06T10:40:13.000408,4,normal,partylist,อำเภอพิมาย,ตำบลท่าหลวง,2.0,2.0,784.0,515.0,515.0,453.0,22.0,10.0,False,False,Ballot math mismatch: 453+22+10=485 ≠ 515,Candidate sum mismatch: sum=480 ≠ valid_votes=453,"ocr_missed_candidates:[6] | ballot_math_fail (total=515, valid+void+spoiled=485) | candidate_sum_fail (sum=480, valid_votes=453)",3,,C,M0,0.6568877551020408,0.04271844660194175,0.019417475728155338
67d65aa7f5208d02d61ee634127892d0,ด่านคล่า น.10.pdf,2026-05-09T13:50:58.811373,6,normal,district,อำเภอโนนสูง,ตำบลด่านคล้า,9.0,10.0,,371.0,371.0,331.0,22.0,18.0,True,False,OK,Candidate sum mismatch: sum=35 ≠ valid_votes=331,"null_header_field:eligible_voters | ocr_extra_candidates:[10, 11, 12, 13, 14, 15, 16, 17, 18, 19, 20, 21, 22, 23, 24, 25, 26, 27, 28, 29, 30, 31, 32, 33, 34, 35, 36, 37, 38, 39, 40, 41, 42, 43, 44, 45, 46, 47, 48, 49, 50, 51, 52, 53, 54, 55, 56, 57] | candidate_sum_fail (sum=35, valid_votes=331)",3,,B,M0,,0.05929919137466307,0.04851752021563342
76e96811359c55ff8609bd20085823d0,ลำคอหงษ์ น.8.pdf,2026-05-06T13:20:09.833272,2,normal,district,อำเภอโนนสูง,ตำบลลำคอหงษ์,8.0,8.0,567.0,377.0,377.0,309.0,10.0,,False,False,Ballot math mismatch: 309+10+0=319 ≠ 377,Candidate sum mismatch: sum=307 ≠ valid_votes=309,"null_header_field:spoiled_ballots | ballot_math_fail (total=377, valid+void+spoiled=319) | candidate_sum_fail (sum=307, valid_votes=309)",3,spoiled_ballots,B,M0,0.6649029982363316,0.026525198938992044,0.15384615384615385
7c9130ec663cbb26985770651d79f47e,ทต.โนนสูง หน่วยที่ 5.pdf,2026-05-06T15:14:56.396656,4,normal,partylist,อำเภอโนนสูง,ตำบลโนนสูง,,5.0,645.0,451.0,451.0,401.0,,15.0,False,False,Ballot math mismatch: 401+65+15=481 ≠ 451,Candidate sum mismatch: sum=351 ≠ valid_votes=401,"null_header_field:moo | ballot_math_fail (total=451, valid+void+spoiled=481) | candidate_sum_fail (sum=351, valid_votes=401)",3,,C,M0,0.6992248062015504,0.14412416851441243,0.03325942350332594
70c1007c6395361fbf937b2cf6e98c78,บิง น.10.pdf,2026-05-06T12:20:01.692310,4,normal,partylist,อำเภอโนนสูง,ตำบลบิง,10.0,10.0,439.0,250.0,250.0,233.0,13.0,4.0,False,False,Ballot math mismatch: 233+13+0=246 ≠ 250,Candidate sum mismatch: sum=239 ≠ valid_votes=233,"null_header_field:spoiled_ballots | ballot_math_fail (total=250, valid+void+spoiled=246) | candidate_sum_fail (sum=239, valid_votes=233)",3,spoiled_ballots,B,M0,0.5694760820045558,0.052,0.016
9edd26039ed34c2b71f30471cd9b1bf1,หน่วยที่ 1 ตำบลใหม่.pdf,2026-05-09T13:58:50.024104,4,normal,partylist,อำเภอโนนสูง,ตำบลใหม่,1.0,1.0,548.0,403.0,403.0,358.0,24.0,21.0,True,False,OK,Candidate sum mismatch: sum=36 ≠ valid_votes=358,"ocr_missed_candidates:[7, 8, 9, 10, 11, 12, 13, 14, 15, 16, 17, 18, 19, 20, 21, 22, 23, 24, 25, 26, 27, 28, 29] | ocr_extra_candidates:[70, 81, 92, 103, 114, 125, 136, 147, 158, 169, 1710, 1811, 1912, 2013, 2114, 2215, 2316, 2417, 2518, 2619, 2720, 2821, 2922] | candidate_sum_fail (sum=36, valid_votes=358)",3,,B,M0,0.7354014598540146,0.05955334987593052,0.052109181141439205
a4f1455dd4c86817ae7c1b07fc0bbd44,ขามเฒ่า น.10.pdf,2026-05-09T13:16:52.329190,1,normal,district,อำเภอโนนสูง,ตำบลขามเฒ่า,10.0,10.0,273.0,196.0,196.0,191.0,5.0,2.0,False,False,Ballot math mismatch: 191+5+2=198 ≠ 196,Candidate sum mismatch: sum=136 ≠ valid_votes=191,"ocr_missed_candidates:[7, 8, 9] | ballot_math_fail (total=196, valid+void+spoiled=198) | candidate_sum_fail (sum=136, valid_votes=191)",3,,C,M0,0.717948717948718,0.025510204081632654,0.01020408163265306
88ba8414b9e7cca61e32be91a39b9414,พลสงคราม น.4 10-2-69 10.07.pdf,2026-05-06T12:36:34.219192,2,normal,district,อำเภอโนนสูง,ตำบลพลสงคราม,4.0,4.0,,307.0,307.0,248.0,14.0,5.0,False,False,Ballot math mismatch: 248+14+5=267 ≠ 307,Candidate sum mismatch: sum=158 ≠ valid_votes=248,"null_header_field:eligible_voters | ballot_math_fail (total=307, valid+void+spoiled=267) | candidate_sum_fail (sum=158, valid_votes=248)",3,,C,M0,,0.04560260586319218,0.016286644951140065
b14123d12dd8a1f3c12574dafc0a9ef3,พลสงคราม น.5 10-2-69 10.09.pdf,2026-05-06T12:37:19.060671,2,normal,district,อำเภอโนนสูง,ตำบลพลสงคราม,5.0,5.0,,495.0,495.0,445.0,49.0,11.0,False,False,Ballot math mismatch: 445+49+11=505 ≠ 495,Candidate sum mismatch: sum=447 ≠ valid_votes=445,"null_header_field:eligible_voters | ballot_math_fail (total=495, valid+void+spoiled=505) | candidate_sum_fail (sum=447, valid_votes=445)",3,,C,M0,,0.09898989898989899,0.022222222222222223
add95bfa684fb8a3b5b9c44c78574c69,ด่านคล่า น.4 .pdf,2026-05-09T13:53:35.831363,6,normal,district,อำเภอโนนสูง,ตำบลด่านคล้า,4.0,4.0,874.0,588.0,588.0,588.0,41.0,39.0,False,False,Ballot math mismatch: 588+41+39=668 ≠ 588,Candidate sum mismatch: sum=136 ≠ valid_votes=588,"ocr_extra_candidates:[10, 11, 12, 13, 14, 15, 16, 17, 18, 19, 20, 21, 22, 23, 24, 25, 26, 27, 28, 29, 30, 31, 32, 33, 34, 35, 36, 37, 38, 39, 40, 41, 42, 43, 44, 45, 46, 47, 48, 49, 50, 51, 52, 53, 54, 55, 56, 57] | ballot_math_fail (total=588, valid+void+spoiled=668) | candidate_sum_fail (sum=136, valid_votes=588)",3,,C,M0,0.6727688787185355,0.06972789115646258,0.0663265306122449
b14123d12dd8a1f3c12574dafc0a9ef3,พลสงคราม น.5 10-2-69 10.09.pdf,2026-05-06T12:37:19.060784,4,normal,partylist,อำเภอโนนสูง,ตำบลพลสงคราม,5.0,6.0,,405.0,405.0,405.0,60.0,8.0,False,False,Ballot math mismatch: 405+60+8=473 ≠ 405,Candidate sum mismatch: sum=407 ≠ valid_votes=405,"null_header_field:eligible_voters | ballot_math_fail (total=405, valid+void+spoiled=473) | candidate_sum_fail (sum=407, valid_votes=405)",3,,C,M0,,0.14814814814814814,0.019753086419753086
b4f0c41ffd4ef8c6ad6ab073306ca00c,ตำบลธารปราสาท หน่วยที่ 14 หมู่ที่ 17.pdf,2026-05-09T13:23:42.098452,4,normal,district,อำเภอโนนสูง,ตำบลธารปราสาท,17.0,14.0,407.0,276.0,535.0,276.0,,12.0,False,False,total_ballots not found in header,Candidate sum mismatch: sum=165 ≠ valid_votes=276,"null_header_field:total_ballots | ocr_extra_candidates:[10, 11, 12, 13, 14, 15, 16, 17, 18, 19, 20, 21, 22, 23, 24, 25, 26, 27, 28, 29, 30, 31, 32, 33, 34, 35, 36, 37, 38, 39, 40, 41, 42, 43, 44, 45, 46, 47, 48, 49, 50, 51, 52, 53, 54, 55, 56, 57] | candidate_sum_fail (sum=165, valid_votes=276)",3,total_ballots,B,M0,0.6781326781326781,0.4616822429906542,0.022429906542056073
87e0205f99aa81c898f6ce7ab82e6f39,ทต.โนนสูง หน่วยที่ 12.pdf,2026-05-09T13:57:57.619891,2,normal,district,อำเภอโนนสูง,ตำบลโนนสูง,,12.0,683.0,495.0,495.0,450.0,18.0,27.0,True,True,OK,OK,null_header_field:moo | null_header_field:district | ocr_extra_candidates:[20],3,,A,M1,0.7247437774524158,0.03636363636363636,0.05454545454545454
36cf987c0b8dc650b710d1ad5bb3a733,ช.5.pdf,2026-05-06T10:14:57.663629,4,advance_out_of_district,partylist,,,,,,,640.0,640.0,7.0,23.0,False,False,Ballot math mismatch: 640+7+23=670 ≠ 640,Candidate sum mismatch: sum=589 ≠ valid_votes=640,"ocr_missed_candidates:[1, 2, 3, 4, 5, 6, 7, 8] | ballot_math_fail (total=640, valid+void+spoiled=670) | candidate_sum_fail (sum=589, valid_votes=640)",3,,C,M1,,0.0109375,0.0359375
255517635f4a8f5a38e48abbcd977f9f,หน่วยที่ 12 ตำบลใหม่.pdf,2026-05-09T13:59:40.824315,4,normal,partylist,อำเภอโนนสูง,ตำบลใหม่,12.0,12.0,831.0,558.0,558.0,498.0,35.0,25.0,True,False,OK,Candidate sum mismatch: sum=342 ≠ valid_votes=498,"ocr_missed_candidates:[7, 8, 9, 10, 11, 12, 13, 14, 15, 16, 17, 18, 19, 20, 21, 22, 23, 24, 25, 26, 27, 28, 29] | ocr_extra_candidates:[70, 81, 92, 103, 114, 125, 136, 147, 158, 169, 170, 181, 192, 203, 214, 225, 236, 247, 258, 269, 2710, 2811, 2912] | candidate_sum_fail (sum=342, valid_votes=498)",3,,B,M0,0.6714801444043321,0.06272401433691756,0.044802867383512544
0dae1f5a7db14e0e94e82b234c7b48a5,ช.4.pdf,2026-05-06T10:13:53.860911,4,advance_out_of_district,partylist,,,,,,,60.0,60.0,9.0,23.0,False,False,Ballot math mismatch: 60+9+23=92 ≠ 60,Candidate sum mismatch: sum=613 ≠ valid_votes=60,"ocr_missed_candidates:[8] | ballot_math_fail (total=60, valid+void+spoiled=92) | candidate_sum_fail (sum=613, valid_votes=60)",3,,C,M1,,0.15,0.38333333333333336
dca1df07d6175b0ec5fc8bd5ec5f9b4a,ทต.โนนสูง หน่วยที่ 14.pdf,2026-05-06T15:11:07.209938,1,normal,district,อำเภอโนนสูง,ตำบลโนนสูง,,14.0,348.0,257.0,257.0,232.0,18.0,7.0,True,False,OK,Candidate sum mismatch: sum=129 ≠ valid_votes=232,"null_header_field:moo | ocr_missed_candidates:[7, 8, 9] | candidate_sum_fail (sum=129, valid_votes=232)",3,,B,M0,0.7385057471264368,0.07003891050583658,0.027237354085603113
dca1df07d6175b0ec5fc8bd5ec5f9b4a,ทต.โนนสูง หน่วยที่ 14.pdf,2026-05-06T15:11:07.210016,3,normal,partylist,อำเภอโนนสูง,ตำบลโนนสูง,,14.0,348.0,257.0,257.0,234.0,16.0,7.0,True,False,OK,Candidate sum mismatch: sum=161 ≠ valid_votes=234,"null_header_field:moo | ocr_missed_candidates:[7, 8, 9, 10, 11, 12, 13, 14, 15, 16, 17, 18, 19, 20, 21, 22, 23, 24, 25, 26, 27, 28, 29] | candidate_sum_fail (sum=161, valid_votes=234)",3,,B,M0,0.7385057471264368,0.0622568093385214,0.027237354085603113
e69f9663625a4c179cedf36579b493dc,หน่วยที่ 11 ตำบลใหม่.pdf,2026-05-06T15:21:15.036436,4,normal,partylist,อำเภอโนนสูง,ตำบลใหม่,11.0,11.0,,570.0,570.0,490.0,61.0,13.0,False,False,Ballot math mismatch: 490+61+13=564 ≠ 570,Candidate sum mismatch: sum=502 ≠ valid_votes=490,"null_header_field:eligible_voters | ballot_math_fail (total=570, valid+void+spoiled=564) | candidate_sum_fail (sum=502, valid_votes=490)",3,,C,M0,,0.10701754385964912,0.02280701754385965
f39ab44885a05f3a23e54312ce9b8167,ทต.โนนสูง หน่วยที่ 9.pdf,2026-05-06T15:18:26.302963,2,normal,district,อำเภอโนนสูง,ตำบลโนนสูง,,9.0,,525.0,525.0,479.0,23.0,,False,True,Ballot math mismatch: 479+23+175=677 ≠ 525,OK,"null_header_field:moo | null_header_field:eligible_voters | ballot_math_fail (total=525, valid+void+spoiled=677)",3,,C,M0,,0.04380952380952381,0.3333333333333333
6f352e4bbed033520e1d035244005cbc,หน่วยที่ 14 ตำบลใหม่.pdf,2026-05-09T14:00:34.724653,2,normal,district,อำเภอโนนสูง,ตำบลใหม่,14.0,14.0,462.0,396.0,396.0,712.0,12.0,12.0,False,False,Ballot math mismatch: 712+12+12=736 ≠ 396,Candidate sum mismatch: sum=529 ≠ valid_votes=712,"ocr_extra_candidates:[15] | ballot_math_fail (total=396, valid+void+spoiled=736) | candidate_sum_fail (sum=529, valid_votes=712)",3,,C,M0,0.8571428571428571,0.030303030303030304,0.030303030303030304
6f352e4bbed033520e1d035244005cbc,หน่วยที่ 14 ตำบลใหม่.pdf,2026-05-09T14:00:34.724720,4,normal,partylist,อำเภอโนนสูง,ตำบลใหม่,14.0,14.0,462.0,336.0,336.0,309.0,23.0,4.0,True,False,OK,Candidate sum mismatch: sum=219 ≠ valid_votes=309,"ocr_missed_candidates:[7, 8, 9] | ocr_extra_candidates:[70, 81, 92] | candidate_sum_fail (sum=219, valid_votes=309)",3,,B,M0,0.7272727272727273,0.06845238095238096,0.011904761904761904
87e0205f99aa81c898f6ce7ab82e6f39,ทต.โนนสูง หน่วยที่ 12.pdf,2026-05-09T13:57:57.619987,4,normal,partylist,อำเภอโนนสูง,ตำบลโนนสูง,,12.0,683.0,499.0,495.0,437.0,32.0,26.0,False,False,total_ballots not found in header,Candidate sum mismatch: sum=464 ≠ valid_votes=437,"null_header_field:moo | null_header_field:total_ballots | candidate_sum_fail (sum=464, valid_votes=437)",3,total_ballots,B,M0,0.7306002928257687,0.06464646464646465,0.052525252525252523
8b3b52324f521990f480fbdfb2e72ba7,หลุมข้าว น.1.pdf,2026-05-06T13:30:24.964038,1,normal,district,อำเภอโนนสูง,ตำบลหลุมข้าว,1.0,1.0,498.0,284.0,254.0,260.0,19.0,5.0,False,False,Ballot math mismatch: 260+19+5=284 ≠ 254,Candidate sum mismatch: sum=175 ≠ valid_votes=260,"ocr_missed_candidates:[7, 8, 9] | ballot_math_fail (total=254, valid+void+spoiled=284) | candidate_sum_fail (sum=175, valid_votes=260)",3,,C,M0,0.570281124497992,0.07480314960629922,0.01968503937007874
d4a541575cc4e96d95297d1486acb97a,น.1.pdf,2026-05-09T13:47:26.593519,2,normal,district,อำเภอโนนสูง,ตำบลเมืองปราสาท,1.0,1.0,908.0,454.0,454.0,407.0,17.0,10.0,False,False,Ballot math mismatch: 407+17+10=434 ≠ 454,Candidate sum mismatch: sum=187 ≠ valid_votes=407,"ocr_missed_candidates:[7, 8, 9] | ballot_math_fail (total=454, valid+void+spoiled=434) | candidate_sum_fail (sum=187, valid_votes=407)",3,,C,M0,0.5,0.037444933920704845,0.022026431718061675
cf88e992941b06beb368166a184fe740,ลำมูล น.3 10-2-69 09.41.pdf,2026-05-06T13:23:15.850437,4,normal,partylist,อำเภอโนนสูง,ตำบลลำมูล,3.0,3.0,378.0,,275.0,257.0,11.0,0.0,False,False,Ballot math mismatch: 257+11+0=268 ≠ 275,Candidate sum mismatch: sum=264 ≠ valid_votes=257,"null_header_field:voter_turnout | ballot_math_fail (total=275, valid+void+spoiled=268) | candidate_sum_fail (sum=264, valid_votes=257)",3,,C,M0,,0.04,0.0
d41b1297763af5b37c619fdef36efbaa,สส.5ทับ18.pdf,2026-05-06T11:29:42.721559,2,normal,district,อำเภอเฉลิมพระเกียรติ,ตำบลท่าช้าง,9.0,4.0,,541.0,,541.0,,17.0,False,False,total_ballots not found in header,Candidate sum mismatch: sum=514 ≠ valid_votes=541,"null_header_field:eligible_voters | null_header_field:total_ballots | candidate_sum_fail (sum=514, valid_votes=541)",3,total_ballots,B,M0,,0.47947761194029853,0.01585820895522388
ba72a6a07dbe58bb7b88f5a5fe752be1,ส.ส. 5ทับ18.pdf,2026-05-09T13:13:05.351803,2,normal,district,อำเภอเฉลิมพระเกียรติ,ตำบลช้างทอง,1.0,1.0,669.0,482.0,482.0,433.0,37.0,16.0,False,False,Ballot math mismatch: 433+37+16=486 ≠ 482,Candidate sum mismatch: sum=1033 ≠ valid_votes=433,"ocr_extra_candidates:[20] | ballot_math_fail (total=482, valid+void+spoiled=486) | candidate_sum_fail (sum=1033, valid_votes=433)",3,,C,M0,0.7204783258594918,0.07676348547717843,0.03319502074688797
d2bf56c7dbafe7a0ff103a36fa96b611,น.11 ต.กระเบื้องใหญ่ ส.ส.5_18 (บช).pdf,2026-05-06T10:23:16.654812,4,normal,partylist,อำเภอพิมาย,ตำบลกระเบื้องใหญ่,11.0,11.0,,,191.0,154.0,5.0,1.0,False,True,Ballot math mismatch: 154+5+1=160 ≠ 191,OK,"null_header_field:eligible_voters | null_header_field:voter_turnout | ballot_math_fail (total=191, valid+void+spoiled=160)",3,,C,M0,,0.02617801047120419,0.005235602094240838
cfcd90e551022295366bdf7c0f6c7a44,โตนด น.3.pdf,2026-05-06T14:09:45.342739,4,normal,partylist,อำเภอโนนสูง,ตำบลโตนด,3.0,3.0,760.0,529.0,,,,15.0,False,False,total_ballots not found in header,valid_votes not available for comparison,null_header_field:total_ballots | null_header_field:valid_votes | null_header_field:void_ballots,3,,C,M0,0.6960526315789474,,
bdd1d4a90548e91a88aaf051726dc525,น.6 ต.ชีวาน ส.ส.5_18 (บช).pdf,2026-05-06T10:35:48.400015,4,normal,partylist,อำเภอพิมาย,ตำบลชีวาน,6.0,6.0,,466.0,429.0,25.0,392.0,12.0,False,False,Ballot math mismatch: 25+0+12=37 ≠ 429,Candidate sum mismatch: sum=419 ≠ valid_votes=25,"null_header_field:void_ballots | ballot_math_fail (total=429, valid+void+spoiled=37) | candidate_sum_fail (sum=419, valid_votes=25)",3,void_ballots,B,M0,0.0009420231260612921,0.9137529137529138,0.027972027972027972
c8e289ab7f72f33592fe6d54f746764f,ทต.โนนสูง หน่วยที่ 3.pdf,2026-05-06T15:12:53.078782,2,normal,district,อำเภอโนนสูง,ตำบลโนนสูง,,3.0,467.0,335.0,935.0,295.0,14.0,26.0,False,False,Ballot math mismatch: 295+14+26=335 ≠ 935,Candidate sum mismatch: sum=329 ≠ valid_votes=295,"null_header_field:moo | ballot_math_fail (total=935, valid+void+spoiled=335) | candidate_sum_fail (sum=329, valid_votes=295)",3,,C,M0,0.7173447537473233,0.014973262032085561,0.027807486631016044
84c9a76330180bd61b4bcef721a2eac2,หน่วยที่ 6 ตำบลจันอัด.pdf,2026-05-06T11:52:33.796764,4,normal,partylist,อำเภอโนนสูง,ตำบลจันอัด,6.0,6.0,213.0,152.0,152.0,148.0,7.0,3.0,False,False,Ballot math mismatch: 148+7+3=158 ≠ 152,Candidate sum mismatch: sum=121 ≠ valid_votes=148,"ocr_missed_candidates:[1, 2, 3, 4, 5, 6] | ballot_math_fail (total=152, valid+void+spoiled=158) | candidate_sum_fail (sum=121, valid_votes=148)",3,,C,M0,0.7136150234741784,0.046052631578947366,0.019736842105263157
f11f9e2758b2567958f7a3bfcf3aeb88,น.15.pdf,2026-05-06T13:54:51.208086,4,normal,partylist,อำเภอโนนสูง,ตำบลเมืองปราสาท,13.0,15.0,286.0,193.0,193.0,172.0,26.0,1.0,False,False,Ballot math mismatch: 172+26+1=199 ≠ 193,Candidate sum mismatch: sum=157 ≠ valid_votes=172,"ballot_math_fail (total=193, valid+void+spoiled=199) | candidate_sum_fail (sum=157, valid_votes=172)",2,,C,M0,0.6748251748251748,0.13471502590673576,0.0051813471502590676
d6f3de94db6257b39d964d7158a05c5c,ช.1.pdf,2026-05-06T10:10:41.513489,2,advance_out_of_district,district,,,,,,,640.0,354.0,,,False,False,Ballot math mismatch: 354+225+661=1240 ≠ 640,Candidate sum mismatch: sum=626 ≠ valid_votes=354,"ballot_math_fail (total=640, valid+void+spoiled=1240) | candidate_sum_fail (sum=626, valid_votes=354)",2,,C,M1,,0.3515625,1.0328125
d69772ad1fa1caa7844bf4e4f7d8ecfd,น.4.pdf,2026-05-06T13:58:58.570869,4,normal,partylist,อำเภอโนนสูง,ตำบลเมืองปราสาท,4.0,4.0,194.0,191.0,131.0,112.0,9.0,6.0,False,False,Ballot math mismatch: 112+9+6=127 ≠ 131,Candidate sum mismatch: sum=38 ≠ valid_votes=112,"ballot_math_fail (total=131, valid+void+spoiled=127) | candidate_sum_fail (sum=38, valid_votes=112)",2,,C,M0,0.9845360824742269,0.06870229007633588,0.04580152671755725
d4997137716374368a78f96ae78062f1,หน่วยที่ 7 ตำบลดอนหวาย.pdf,2026-05-06T14:43:10.171331,2,normal,district,อำเภอโนนสูง,ตำบลดอนหวาย,7.0,7.0,349.0,251.0,251.0,126.0,14.0,19.0,False,False,Ballot math mismatch: 126+14+19=159 ≠ 251,Candidate sum mismatch: sum=226 ≠ valid_votes=126,"ballot_math_fail (total=251, valid+void+spoiled=159) | candidate_sum_fail (sum=226, valid_votes=126)",2,,C,M0,0.7191977077363897,0.055776892430278883,0.07569721115537849
cd5d53d703b78d4f10c0c4ce09837edc,หลุมข้าว น.20.pdf,2026-05-06T13:40:30.056625,2,normal,district,อำเภอโนนสูง,ตำบลหลุมข้าว,17.0,20.0,402.0,276.0,276.0,276.0,12.0,3.0,False,False,Ballot math mismatch: 276+12+3=291 ≠ 276,Candidate sum mismatch: sum=180 ≠ valid_votes=276,"ballot_math_fail (total=276, valid+void+spoiled=291) | candidate_sum_fail (sum=180, valid_votes=276)",2,,C,M0,0.6865671641791045,0.043478260869565216,0.010869565217391304
d58457d381db4a9896996a0537d51635,นอกเขต ชุดที่ 1.pdf,2026-05-06T10:17:44.066062,2,advance_out_of_district,district,,,,,,,640.0,854.0,,,False,False,Ballot math mismatch: 854+225+6161=7240 ≠ 640,Candidate sum mismatch: sum=974 ≠ valid_votes=854,"ballot_math_fail (total=640, valid+void+spoiled=7240) | candidate_sum_fail (sum=974, valid_votes=854)",2,,C,M1,,0.3515625,9.6265625
d4997137716374368a78f96ae78062f1,หน่วยที่ 7 ตำบลดอนหวาย.pdf,2026-05-06T14:43:10.171414,4,normal,partylist,อำเภอโนนสูง,ตำบลดอนหวาย,7.0,7.0,349.0,251.0,251.0,,17.0,12.0,False,False,Ballot math mismatch: 922+17+12=951 ≠ 251,Candidate sum mismatch: sum=215 ≠ valid_votes=922,"ballot_math_fail (total=251, valid+void+spoiled=951) | candidate_sum_fail (sum=215, valid_votes=922)",2,,C,M0,0.7191977077363897,0.06772908366533864,0.04780876494023904
cf88e992941b06beb368166a184fe740,ลำมูล น.3 10-2-69 09.41.pdf,2026-05-06T13:23:15.850328,2,normal,district,อำเภอโนนสูง,ตำบลลำมูล,3.0,3.0,389.0,275.0,275.0,250.0,10.0,5.0,False,False,Ballot math mismatch: 250+10+5=265 ≠ 275,Candidate sum mismatch: sum=960 ≠ valid_votes=250,"ballot_math_fail (total=275, valid+void+spoiled=265) | candidate_sum_fail (sum=960, valid_votes=250)",2,,C,M0,0.7069408740359897,0.03636363636363636,0.01818181818181818
e53a7fd9b541fff8f0e6d3d0cc60fbd7,ดอนชมพู น.9.pdf,2026-05-06T12:05:55.854101,2,normal,district,อำเภอโนนสูง,ตำบลดอนชมพู,8.0,9.0,689.0,434.0,405.0,13.0,16.0,,False,False,Ballot math mismatch: 13+16+186=215 ≠ 405,Candidate sum mismatch: sum=405 ≠ valid_votes=13,"ballot_math_fail (total=405, valid+void+spoiled=215) | candidate_sum_fail (sum=405, valid_votes=13)",2,,C,M0,0.6298984034833092,0.03950617283950617,0.45925925925925926
e69f9663625a4c179cedf36579b493dc,หน่วยที่ 11 ตำบลใหม่.pdf,2026-05-06T15:21:15.036355,2,normal,district,อำเภอโนนสูง,ตำบลใหม่,11.0,11.0,741.0,570.0,570.0,570.0,30.0,13.0,False,False,Ballot math mismatch: 570+30+13=613 ≠ 570,Candidate sum mismatch: sum=521 ≠ valid_votes=570,"ballot_math_fail (total=570, valid+void+spoiled=613) | candidate_sum_fail (sum=521, valid_votes=570)",2,,C,M0,0.7692307692307693,0.05263157894736842,0.02280701754385965
e42848d5239ef804214407d5f11fd86e,โตนด น.5.pdf,2026-05-06T14:11:18.978705,2,normal,district,อำเภอโนนสูง,ตำบลโตนด,5.0,5.0,405.0,293.0,293.0,295.0,10.0,8.0,False,False,Ballot math mismatch: 295+10+8=313 ≠ 293,Candidate sum mismatch: sum=275 ≠ valid_votes=295,"ballot_math_fail (total=293, valid+void+spoiled=313) | candidate_sum_fail (sum=275, valid_votes=295)",2,,C,M0,0.7234567901234568,0.034129692832764506,0.027303754266211604
e53a7fd9b541fff8f0e6d3d0cc60fbd7,ดอนชมพู น.9.pdf,2026-05-06T12:05:55.854242,4,normal,partylist,อำเภอโนนสูง,ตำบลดอนชมพู,8.0,9.0,639.0,434.0,434.0,893.0,19.0,22.0,False,False,Ballot math mismatch: 893+19+22=934 ≠ 434,Candidate sum mismatch: sum=413 ≠ valid_votes=893,"ballot_math_fail (total=434, valid+void+spoiled=934) | candidate_sum_fail (sum=413, valid_votes=893)",2,,C,M0,0.6791862284820032,0.04377880184331797,0.05069124423963134
4e4f51f2d7e17788bf418c70d9bc5a77,สส.5ทับ18.pdf,2026-05-06T11:17:22.516581,2,normal,district,อำเภอเฉลิมพระเกียรติ,ตำบลท่าช้าง,16.0,8.0,294.0,226.0,226.0,216.0,6.0,2.0,False,False,Ballot math mismatch: 216+6+2=224 ≠ 226,Candidate sum mismatch: sum=218 ≠ valid_votes=216,"ballot_math_fail (total=226, valid+void+spoiled=224) | candidate_sum_fail (sum=218, valid_votes=216)",2,,C,M0,0.7687074829931972,0.02654867256637168,0.008849557522123894
5feac47af840507780d084ad3b70e7e8,น.3 ต.สัมฤทธิ์ ส.ส.5_18 (บช).pdf,2026-05-06T10:52:13.610596,4,normal,partylist,อำเภอพิมาย,ตำบลสัมฤทธิ์,3.0,3.0,776.0,562.0,562.0,529.0,18.0,17.0,False,False,Ballot math mismatch: 529+18+17=564 ≠ 562,Candidate sum mismatch: sum=534 ≠ valid_votes=529,"ballot_math_fail (total=562, valid+void+spoiled=564) | candidate_sum_fail (sum=534, valid_votes=529)",2,,C,M0,0.7242268041237113,0.03202846975088968,0.030249110320284697
514a66780878be7ab86758251edba4db,หน่วยที่ 4 ตำบลดอนหวาย.pdf,2026-05-06T14:40:15.760462,2,normal,district,อำเภอโนนสูง,ตำบลดอนหวาย,4.0,4.0,311.0,248.0,248.0,239.0,6.0,8.0,False,False,Ballot math mismatch: 239+6+8=253 ≠ 248,Candidate sum mismatch: sum=234 ≠ valid_votes=239,"ballot_math_fail (total=248, valid+void+spoiled=253) | candidate_sum_fail (sum=234, valid_votes=239)",2,,C,M0,0.797427652733119,0.024193548387096774,0.03225806451612903
fddd7985651317e30752fff395eacb94,ด่านคล่า น.1 .pdf,2026-05-06T14:44:05.724418,4,normal,partylist,อำเภอโนนสูง,ตำบลด่านคล้า,1.0,1.0,44.0,31.0,31.0,27.0,23.0,12.0,False,False,Ballot math mismatch: 27+23+12=62 ≠ 31,Candidate sum mismatch: sum=276 ≠ valid_votes=27,"ballot_math_fail (total=31, valid+void+spoiled=62) | candidate_sum_fail (sum=276, valid_votes=27)",2,,C,M0,0.7045454545454546,0.7419354838709677,0.3870967741935484
46870adde6ac01a0fb1a0390be208363,ขามเฒ่า น.3.pdf,2026-05-06T11:41:38.301204,4,normal,partylist,อำเภอโนนสูง,ตำบลขามเฒ่า,3.0,3.0,260.0,152.0,152.0,137.0,8.0,2.0,False,False,Ballot math mismatch: 137+8+2=147 ≠ 152,Candidate sum mismatch: sum=133 ≠ valid_votes=137,"ballot_math_fail (total=152, valid+void+spoiled=147) | candidate_sum_fail (sum=133, valid_votes=137)",2,,C,M0,0.5846153846153846,0.05263157894736842,0.013157894736842105
4523cae4e945fd8b4ee04602fe922c56,มะค่า น.1.pdf,2026-05-06T12:41:34.450837,2,normal,district,อำเภอโนนสูง,ตำบลมะค่า,3.0,1.0,292.0,193.0,193.0,181.0,3.0,7.0,False,False,Ballot math mismatch: 181+3+7=191 ≠ 193,Candidate sum mismatch: sum=174 ≠ valid_votes=181,"ballot_math_fail (total=193, valid+void+spoiled=191) | candidate_sum_fail (sum=174, valid_votes=181)",2,,C,M0,0.660958904109589,0.015544041450777202,0.03626943005181347
45bfa9fdb1168621fdbafec0884a479e,ต.ดอนหวาย หน่วยที่ 1.pdf,2026-05-06T14:15:40.297535,4,normal,partylist,อำเภอโนนสูง,ตำบลดอนหวาย,1.0,1.0,570.0,422.0,422.0,377.0,10.0,15.0,False,False,Ballot math mismatch: 377+10+15=402 ≠ 422,Candidate sum mismatch: sum=617 ≠ valid_votes=377,"ballot_math_fail (total=422, valid+void+spoiled=402) | candidate_sum_fail (sum=617, valid_votes=377)",2,,C,M0,0.7403508771929824,0.023696682464454975,0.035545023696682464
427895a8d3c185db8247f0a2b1b5883a,สส.5ทับ18.pdf,2026-05-06T11:28:11.831314,2,normal,district,อำเภอเฉลิมพระเกียรติ,ตำบลท่าช้าง,7.0,3.0,531.0,433.0,433.0,205.0,14.0,14.0,False,False,Ballot math mismatch: 205+14+14=233 ≠ 433,Candidate sum mismatch: sum=405 ≠ valid_votes=205,"ballot_math_fail (total=433, valid+void+spoiled=233) | candidate_sum_fail (sum=405, valid_votes=205)",2,,C,M0,0.815442561205273,0.03233256351039261,0.03233256351039261
46b0795f82e1c968f10e43732800c209,น.7.pdf,2026-05-06T14:02:48.110290,2,normal,district,อำเภอโนนสูง,ตำบลเมืองปราสาท,7.0,7.0,394.0,262.0,262.0,229.0,6.0,7.0,False,False,Ballot math mismatch: 229+6+7=242 ≠ 262,Candidate sum mismatch: sum=249 ≠ valid_votes=229,"ballot_math_fail (total=262, valid+void+spoiled=242) | candidate_sum_fail (sum=249, valid_votes=229)",2,,C,M0,0.6649746192893401,0.022900763358778626,0.026717557251908396
46a6443f23bf547655d46c931dc01dae,มะค่า น.7.pdf,2026-05-06T13:08:48.476243,2,normal,district,อำเภอโนนสูง,ตำบลมะค่า,7.0,7.0,526.0,282.0,242.0,250.0,,,False,False,Ballot math mismatch: 250+250+250=750 ≠ 242,Candidate sum mismatch: sum=6907 ≠ valid_votes=250,"ballot_math_fail (total=242, valid+void+spoiled=750) | candidate_sum_fail (sum=6907, valid_votes=250)",2,,C,M0,0.5361216730038023,1.0330578512396693,1.0330578512396693
46bb112527a89a53792ad804f3713804,น.15 ต.สัมฤทธิ์ ส.ส.5_18.pdf,2026-05-06T10:50:18.104642,2,normal,district,อำเภอพิมาย,ตำบลสัมฤทธิ์,14.0,15.0,481.0,368.0,368.0,378.0,11.0,19.0,False,False,Ballot math mismatch: 378+11+19=408 ≠ 368,Candidate sum mismatch: sum=338 ≠ valid_votes=378,"ballot_math_fail (total=368, valid+void+spoiled=408) | candidate_sum_fail (sum=338, valid_votes=378)",2,,C,M0,0.7650727650727651,0.029891304347826088,0.051630434782608696
42f3ac085363984bb79419b961fb288c,หน่วยที่ 3 ตำบลจันอัด.pdf,2026-05-06T11:50:05.003690,2,normal,district,อำเภอโนนสูง,ตำบลจันอัด,3.0,3.0,311.0,224.0,,,7.0,6.0,False,False,total_ballots not found in header,valid_votes not available for comparison,null_header_field:total_ballots | null_header_field:valid_votes,2,,C,M0,0.7202572347266881,,
3276d94dafde679b6718020882e6e506,น.15 ต.สัมฤทธิ์ ส.ส.5_18 (บช).pdf,2026-05-06T10:50:04.268639,4,normal,partylist,อำเภอพิมาย,ตำบลสัมฤทธิ์,14.0,15.0,487.0,368.0,368.0,326.0,29.0,19.0,False,False,Ballot math mismatch: 326+29+19=374 ≠ 368,Candidate sum mismatch: sum=217 ≠ valid_votes=326,"ballot_math_fail (total=368, valid+void+spoiled=374) | candidate_sum_fail (sum=217, valid_votes=326)",2,,C,M0,0.75564681724846,0.07880434782608696,0.051630434782608696
5db9b0e863d86b1c3e5ea9503924b58f,ลำคอหงษ์ น.9.pdf,2026-05-06T13:20:57.754237,4,normal,partylist,อำเภอโนนสูง,ตำบลลำคอหงษ์,9.0,9.0,293.0,181.0,181.0,163.0,19.0,6.0,False,False,Ballot math mismatch: 163+19+6=188 ≠ 181,Candidate sum mismatch: sum=168 ≠ valid_votes=163,"ballot_math_fail (total=181, valid+void+spoiled=188) | candidate_sum_fail (sum=168, valid_votes=163)",2,,C,M0,0.6177474402730375,0.10497237569060773,0.03314917127071823
46a6443f23bf547655d46c931dc01dae,มะค่า น.7.pdf,2026-05-06T13:08:48.476331,4,normal,partylist,อำเภอโนนสูง,ตำบลมะค่า,7.0,7.0,526.0,242.0,242.0,250.0,24.0,9.0,False,False,Ballot math mismatch: 250+24+9=283 ≠ 242,Candidate sum mismatch: sum=217 ≠ valid_votes=250,"ballot_math_fail (total=242, valid+void+spoiled=283) | candidate_sum_fail (sum=217, valid_votes=250)",2,,C,M0,0.4600760456273764,0.09917355371900827,0.0371900826446281
4d4b348318b2904de34d8eabc6ec4327,น.4 ต.กระเบื้องใหญ่ ส.ส.5_18 (บช).pdf,2026-05-06T10:25:43.035746,4,normal,partylist,อำเภอพิมาย,ตำบลกระเบื้องใหญ่,4.0,4.0,527.0,327.0,327.0,200.0,15.0,12.0,False,False,Ballot math mismatch: 200+15+12=227 ≠ 327,Candidate sum mismatch: sum=308 ≠ valid_votes=200,"ballot_math_fail (total=327, valid+void+spoiled=227) | candidate_sum_fail (sum=308, valid_votes=200)",2,,C,M0,0.6204933586337761,0.045871559633027525,0.03669724770642202
4786e1cd838a5f2b9562c1a5c135ad1d,น.1 ต.ท่าหลวง ส.ส.5_18 (บช).pdf,2026-05-06T10:39:31.199020,4,normal,partylist,อำเภอพิมาย,ตำบลท่าหลวง,1.0,1.0,513.0,373.0,373.0,340.0,15.0,14.0,False,False,Ballot math mismatch: 340+15+14=369 ≠ 373,Candidate sum mismatch: sum=336 ≠ valid_votes=340,"ballot_math_fail (total=373, valid+void+spoiled=369) | candidate_sum_fail (sum=336, valid_votes=340)",2,,C,M0,0.7270955165692008,0.040214477211796246,0.03753351206434316
640872df2fd92b1cf8ee1a6c309d4dce,สส.5ทับ18.pdf,2026-05-06T11:16:18.792866,2,normal,district,อำเภอเฉลิมพระเกียรติ,ตำบลท่าช้าง,15.0,7.0,476.0,331.0,331.0,331.0,14.0,0.0,False,False,Ballot math mismatch: 331+14+0=345 ≠ 331,Candidate sum mismatch: sum=1054 ≠ valid_votes=331,"ballot_math_fail (total=331, valid+void+spoiled=345) | candidate_sum_fail (sum=1054, valid_votes=331)",2,,C,M0,0.6953781512605042,0.04229607250755287,0.0
58fe7e7e4363d596cb31ec069e7fa728,หลุมข้าว น.10.pdf,2026-05-06T13:31:15.344264,2,normal,district,อำเภอโนนสูง,ตำบลหลุมข้าว,8.0,10.0,502.0,368.0,768.0,397.0,12.0,19.0,False,False,Ballot math mismatch: 397+12+19=428 ≠ 768,Candidate sum mismatch: sum=467 ≠ valid_votes=397,"ballot_math_fail (total=768, valid+void+spoiled=428) | candidate_sum_fail (sum=467, valid_votes=397)",2,,C,M0,0.7330677290836654,0.015625,0.024739583333333332
0dae1f5a7db14e0e94e82b234c7b48a5,ช.4.pdf,2026-05-06T10:13:53.860795,2,advance_out_of_district,district,,,,,,,640.0,559.0,,,False,False,Ballot math mismatch: 559+87+62=708 ≠ 640,Candidate sum mismatch: sum=511 ≠ valid_votes=559,"ballot_math_fail (total=640, valid+void+spoiled=708) | candidate_sum_fail (sum=511, valid_votes=559)",2,,C,M1,,0.1359375,0.096875
105480986c2f76e4f498cc266ff3970e,ขามเฒ่า น.11.pdf,2026-05-06T11:36:38.868728,4,normal,partylist,อำเภอโนนสูง,ตำบลขามเฒ่า,11.0,11.0,153.0,107.0,107.0,99.0,4.0,6.0,False,False,Ballot math mismatch: 99+4+6=109 ≠ 107,Candidate sum mismatch: sum=93 ≠ valid_votes=99,"ballot_math_fail (total=107, valid+void+spoiled=109) | candidate_sum_fail (sum=93, valid_votes=99)",2,,C,M0,0.6993464052287581,0.037383177570093455,0.056074766355140186
237715788c82c4eb8cb13b5acbcaca68,สส.5ทับ18(บช).pdf,2026-05-06T11:33:39.380447,4,normal,partylist,อำเภอเฉลิมพระเกียรติ,ตำบลท่าช้าง,14.0,8.0,607.0,465.0,465.0,442.0,10.0,17.0,False,False,Ballot math mismatch: 442+10+17=469 ≠ 465,Candidate sum mismatch: sum=450 ≠ valid_votes=442,"ballot_math_fail (total=465, valid+void+spoiled=469) | candidate_sum_fail (sum=450, valid_votes=442)",2,,C,M0,0.7660626029654036,0.021505376344086023,0.03655913978494624
189ea2f4f4a10fa94f74375cb94d9ff1,น.5 ต.ชีวาน ส.ส.5_18 (บช).pdf,2026-05-09T13:10:13.028600,4,normal,partylist,อำเภอพิมาย,ตำบลชีวาน,5.0,5.0,330.0,194.0,197.0,165.0,27.0,2.0,False,False,Ballot math mismatch: 165+27+2=194 ≠ 197,Candidate sum mismatch: sum=90 ≠ valid_votes=165,"ballot_math_fail (total=197, valid+void+spoiled=194) | candidate_sum_fail (sum=90, valid_votes=165)",2,,C,M0,0.5878787878787879,0.13705583756345177,0.01015228426395939
253e38f07e33e0b09f3b6e390395bf2f,ลำคอหงษ์ น.2.pdf,2026-05-06T13:15:10.305473,4,normal,partylist,อำเภอโนนสูง,ตำบลลำคอหงษ์,2.0,2.0,738.0,531.0,537.0,493.0,36.0,12.0,False,False,Ballot math mismatch: 493+36+12=541 ≠ 537,Candidate sum mismatch: sum=486 ≠ valid_votes=493,"ballot_math_fail (total=537, valid+void+spoiled=541) | candidate_sum_fail (sum=486, valid_votes=493)",2,,C,M0,0.7195121951219512,0.0670391061452514,0.0223463687150838
20298fcae0682f278fa4d66a287dd1dd,ตำบลธารปราสาท หน่วยที่6 หมู่ที่ 12.pdf,2026-05-06T12:16:00.764156,4,normal,partylist,อำเภอโนนสูง,ตำบลธารปราสาท,12.0,6.0,675.0,480.0,480.0,427.0,56.0,17.0,False,False,Ballot math mismatch: 427+56+17=500 ≠ 480,Candidate sum mismatch: sum=321 ≠ valid_votes=427,"ballot_math_fail (total=480, valid+void+spoiled=500) | candidate_sum_fail (sum=321, valid_votes=427)",2,,C,M0,0.7111111111111111,0.11666666666666667,0.035416666666666666
36ab0416cd2744085722e75759428973,ทต.ตลาดแค น.6.pdf,2026-05-06T15:40:10.209080,4,normal,partylist,อำเภอโนนสูง,ตำบลธารปราสาท,12.0,6.0,675.0,480.0,480.0,427.0,,17.0,False,False,Ballot math mismatch: 427+96+17=540 ≠ 480,Candidate sum mismatch: sum=431 ≠ valid_votes=427,"ballot_math_fail (total=480, valid+void+spoiled=540) | candidate_sum_fail (sum=431, valid_votes=427)",2,,C,M0,0.7111111111111111,0.2,0.035416666666666666
2834b02020982d69837830d32705f4c8,พลสงคราม น.13 10-2-69 10.33.pdf,2026-05-06T12:31:54.601175,2,normal,district,อำเภอโนนสูง,ตำบลพลสงคราม,13.0,13.0,265.0,146.0,146.0,139.0,6.0,3.0,False,False,Ballot math mismatch: 139+6+3=148 ≠ 146,Candidate sum mismatch: sum=137 ≠ valid_votes=139,"ballot_math_fail (total=146, valid+void+spoiled=148) | candidate_sum_fail (sum=137, valid_votes=139)",2,,C,M0,0.5509433962264151,0.0410958904109589,0.02054794520547945
263a9aee741a0507952415fad5043316,นอกเขต ชุดที่ 3.pdf,2026-05-06T10:18:57.724952,4,advance_in_district,partylist,,,,,,,607.0,607.0,13.0,20.0,False,False,Ballot math mismatch: 607+13+20=640 ≠ 607,Candidate sum mismatch: sum=552 ≠ valid_votes=607,"ballot_math_fail (total=607, valid+void+spoiled=640) | candidate_sum_fail (sum=552, valid_votes=607)",2,,C,M1,,0.0214168039538715,0.032948929159802305
190d6d0f36efd27ad5d87ca33aa82497,ขามเฒ่า น.4.pdf,2026-05-06T11:42:29.364577,2,normal,district,อำเภอโนนสูง,ตำบลขามเฒ่า,1.0,4.0,,315.0,315.0,293.0,12.0,16.0,False,True,Ballot math mismatch: 293+12+16=321 ≠ 315,OK,"null_header_field:eligible_voters | ballot_math_fail (total=315, valid+void+spoiled=321)",2,,C,M0,,0.0380952380952381,0.050793650793650794
138c5ce25c670ea2f3d1b1657a63de58,พลสงคราม น.9 10-2-69 10.18.pdf,2026-05-06T12:40:43.679131,2,normal,district,อำเภอโนนสูง,ตำบลพลสงคราม,9.0,9.0,610.0,324.0,324.0,301.0,16.0,11.0,False,False,Ballot math mismatch: 301+16+11=328 ≠ 324,Candidate sum mismatch: sum=303 ≠ valid_votes=301,"ballot_math_fail (total=324, valid+void+spoiled=328) | candidate_sum_fail (sum=303, valid_votes=301)",2,,C,M0,0.5311475409836065,0.04938271604938271,0.033950617283950615
36ab0416cd2744085722e75759428973,ทต.ตลาดแค น.6.pdf,2026-05-06T15:40:10.208993,2,normal,district,อำเภอโนนสูง,ตำบลธารปราสาท,12.0,6.0,675.0,480.0,480.0,479.0,22.0,11.0,False,False,Ballot math mismatch: 479+22+11=512 ≠ 480,Candidate sum mismatch: sum=503 ≠ valid_votes=479,"ballot_math_fail (total=480, valid+void+spoiled=512) | candidate_sum_fail (sum=503, valid_votes=479)",2,,C,M0,0.7111111111111111,0.04583333333333333,0.022916666666666665
06e964224ba66babbb7a3bf073794fe4,น.11 ต.สัมฤทธิ์ ส.ส.5_18.pdf,2026-05-06T10:47:43.477636,2,normal,district,อำเภอพิมาย,ตำบลสัมฤทธิ์,10.0,11.0,766.0,178.0,178.0,247.0,10.0,25.0,False,False,Ballot math mismatch: 247+10+25=282 ≠ 178,Candidate sum mismatch: sum=223 ≠ valid_votes=247,"ballot_math_fail (total=178, valid+void+spoiled=282) | candidate_sum_fail (sum=223, valid_votes=247)",2,,C,M0,0.23237597911227154,0.056179775280898875,0.1404494382022472
0462ff708fc1f7d70cc4c1ccde70eead,ช.2.pdf,2026-05-09T12:49:17.468743,4,advance_out_of_district,partylist,,,,,,,641.0,641.0,5.0,22.0,False,False,Ballot math mismatch: 641+5+22=668 ≠ 641,Candidate sum mismatch: sum=614 ≠ valid_votes=641,"ballot_math_fail (total=641, valid+void+spoiled=668) | candidate_sum_fail (sum=614, valid_votes=641)",2,,C,M1,,0.0078003120124804995,0.0343213728549142
09b0344a1a9bcccef171c4bc67a225e2,พลสงคราม น.14 10-2-69 10.41.pdf,2026-05-06T12:32:53.653433,2,normal,district,อำเภอโนนสูง,ตำบลพลสงคราม,14.0,14.0,216.0,143.0,143.0,129.0,10.0,6.0,False,False,Ballot math mismatch: 129+10+6=145 ≠ 143,Candidate sum mismatch: sum=127 ≠ valid_votes=129,"ballot_math_fail (total=143, valid+void+spoiled=145) | candidate_sum_fail (sum=127, valid_votes=129)",2,,C,M0,0.6620370370370371,0.06993006993006994,0.04195804195804196
66a38e62fd8014bba8d0c4ed8a89fb8c,น.7 ต.ชีวาน ส.ส.5_18.pdf,2026-05-06T10:36:41.762288,2,normal,district,อำเภอพิมาย,ตำบลชีวาน,1.0,1.0,336.0,220.0,220.0,267.0,,4.0,False,False,Ballot math mismatch: 267+89+4=360 ≠ 220,Candidate sum mismatch: sum=217 ≠ valid_votes=267,"ballot_math_fail (total=220, valid+void+spoiled=360) | candidate_sum_fail (sum=217, valid_votes=267)",2,,C,M0,0.6547619047619048,0.40454545454545454,0.01818181818181818
43e9c59b130a34ac0b37492f907bb848,หน่วยที่ 5 ตำบลดอนหวาย.pdf,2026-05-09T13:50:04.736116,4,normal,partylist,อำเภอโนนสูง,ตำบลดอนหวาย,5.0,5.0,456.0,359.0,359.0,319.0,20.0,12.0,False,False,Ballot math mismatch: 319+20+12=351 ≠ 359,Candidate sum mismatch: sum=235 ≠ valid_votes=319,"ballot_math_fail (total=359, valid+void+spoiled=351) | candidate_sum_fail (sum=235, valid_votes=319)",2,,C,M0,0.7872807017543859,0.055710306406685235,0.033426183844011144
b2aaa9a778bb4f99aa7ff09df0e4677f,ด่านคล่า น.9.pdf,2026-05-06T15:03:11.383851,2,normal,district,อำเภอโนนสูง,ตำบลด่านคล้า,9.0,9.0,490.0,320.0,320.0,291.0,17.0,22.0,False,False,Ballot math mismatch: 291+17+22=330 ≠ 320,Candidate sum mismatch: sum=284 ≠ valid_votes=291,"ballot_math_fail (total=320, valid+void+spoiled=330) | candidate_sum_fail (sum=284, valid_votes=291)",2,,C,M0,0.6530612244897959,0.053125,0.06875
b6a3db7c16730408f0251f6402630afa,หลุมข้าว น.4.pdf,2026-05-09T13:45:32.869417,4,normal,partylist,อำเภอโนนสูง,ตำบลหลุมข้าว,3.0,4.0,858.0,275.0,275.0,249.0,19.0,9.0,False,False,Ballot math mismatch: 249+19+9=277 ≠ 275,Candidate sum mismatch: sum=190 ≠ valid_votes=249,"ballot_math_fail (total=275, valid+void+spoiled=277) | candidate_sum_fail (sum=190, valid_votes=249)",2,,C,M0,0.32051282051282054,0.06909090909090909,0.03272727272727273
a453632e987610d7d1b92156b6f78f87,พลสงคราม น.10 10-2-69 10.22.pdf,2026-05-06T12:29:20.731615,4,normal,partylist,อำเภอโนนสูง,ตำบลพลสงคราม,10.0,10.0,329.0,167.0,167.0,149.0,21.0,5.0,False,False,Ballot math mismatch: 149+21+5=175 ≠ 167,Candidate sum mismatch: sum=139 ≠ valid_votes=149,"ballot_math_fail (total=167, valid+void+spoiled=175) | candidate_sum_fail (sum=139, valid_votes=149)",2,,C,M0,0.5075987841945289,0.12574850299401197,0.029940119760479042
b2aaa9a778bb4f99aa7ff09df0e4677f,ด่านคล่า น.9.pdf,2026-05-06T15:03:11.383952,4,normal,partylist,อำเภอโนนสูง,ตำบลด่านคล้า,9.0,9.0,490.0,320.0,320.0,280.0,16.0,18.0,False,False,Ballot math mismatch: 280+16+18=314 ≠ 320,Candidate sum mismatch: sum=286 ≠ valid_votes=280,"ballot_math_fail (total=320, valid+void+spoiled=314) | candidate_sum_fail (sum=286, valid_votes=280)",2,,C,M0,0.6530612244897959,0.05,0.05625
9407ed19f8984cc51cb861f720ddc39a,ส.ส. 5ทับ18 (บช).pdf,2026-05-06T11:00:13.692486,4,normal,partylist,อำเภอเฉลิมพระเกียรติ,ตำบลช้างทอง,1.0,1.0,659.0,482.0,482.0,121.0,57.0,10.0,False,False,Ballot math mismatch: 121+57+10=188 ≠ 482,Candidate sum mismatch: sum=421 ≠ valid_votes=121,"ballot_math_fail (total=482, valid+void+spoiled=188) | candidate_sum_fail (sum=421, valid_votes=121)",2,,C,M0,0.7314112291350531,0.11825726141078838,0.02074688796680498
a5eb6c58ce65aff20ebc4924b991795a,นอกเขต ชุดที่ 4.pdf,2026-05-06T10:19:32.851573,2,advance_in_district,district,,,,,,,640.0,651.0,27.0,,False,False,Ballot math mismatch: 651+27+62=740 ≠ 640,Candidate sum mismatch: sum=501 ≠ valid_votes=651,"ballot_math_fail (total=640, valid+void+spoiled=740) | candidate_sum_fail (sum=501, valid_votes=651)",2,,C,M1,,0.0421875,0.096875
7db464476535ef385876e5ea76fb8225,น.7 ต.กระเบื้องใหญ่ ส.ส.5_18 (บช).pdf,2026-05-06T10:27:57.892248,4,normal,partylist,อำเภอพิมาย,ตำบลกระเบื้องใหญ่,7.0,7.0,403.0,295.0,295.0,279.0,8.0,16.0,False,False,Ballot math mismatch: 279+8+16=303 ≠ 295,Candidate sum mismatch: sum=237 ≠ valid_votes=279,"ballot_math_fail (total=295, valid+void+spoiled=303) | candidate_sum_fail (sum=237, valid_votes=279)",2,,C,M0,0.7320099255583127,0.02711864406779661,0.05423728813559322
7d47f767f82fbbc5dc61fb384487ccae,หน่วยที่ 6 ตำบลดอนหวาย.pdf,2026-05-06T14:42:08.737658,4,normal,partylist,อำเภอโนนสูง,ตำบลดอนหวาย,1.0,1.0,733.0,303.0,303.0,297.0,12.0,4.0,False,False,Ballot math mismatch: 297+12+4=313 ≠ 303,Candidate sum mismatch: sum=306 ≠ valid_votes=297,"ballot_math_fail (total=303, valid+void+spoiled=313) | candidate_sum_fail (sum=306, valid_votes=297)",2,,C,M0,0.41336971350613916,0.039603960396039604,0.013201320132013201
7d47f767f82fbbc5dc61fb384487ccae,หน่วยที่ 6 ตำบลดอนหวาย.pdf,2026-05-06T14:42:08.737578,2,normal,district,อำเภอโนนสูง,ตำบลดอนหวาย,6.0,6.0,360.0,303.0,303.0,299.0,10.0,5.0,False,False,Ballot math mismatch: 299+10+5=314 ≠ 303,Candidate sum mismatch: sum=288 ≠ valid_votes=299,"ballot_math_fail (total=303, valid+void+spoiled=314) | candidate_sum_fail (sum=288, valid_votes=299)",2,,C,M0,0.8416666666666667,0.033003300330033,0.0165016501650165
73cbf627c97ede1efc8362913c91fd98,มะค่า น.10.pdf,2026-05-06T12:42:22.822352,4,normal,partylist,อำเภอโนนสูง,ตำบลมะค่า,9.0,10.0,202.0,111.0,111.0,107.0,1.0,1.0,False,False,Ballot math mismatch: 107+1+1=109 ≠ 111,Candidate sum mismatch: sum=109 ≠ valid_votes=107,"ballot_math_fail (total=111, valid+void+spoiled=109) | candidate_sum_fail (sum=109, valid_votes=107)",2,,C,M0,0.5495049504950495,0.009009009009009009,0.009009009009009009
6a5ecbc01fee18c6d9e449290332c94f,ขามเฒ่า น.5.pdf,2026-05-06T11:43:20.537122,4,normal,partylist,อำเภอโนนสูง,ตำบลขามเฒ่า,5.0,5.0,330.0,191.0,191.0,73.0,8.0,10.0,False,False,Ballot math mismatch: 73+8+10=91 ≠ 191,Candidate sum mismatch: sum=176 ≠ valid_votes=73,"ballot_math_fail (total=191, valid+void+spoiled=91) | candidate_sum_fail (sum=176, valid_votes=73)",2,,C,M0,0.5787878787878787,0.041884816753926704,0.05235602094240838
9154dc5f2d5e28982a6f42845f5bffdf,สส.5ทับ18(บช).pdf,2026-05-06T11:13:53.204025,4,normal,partylist,อำเภอเฉลิมพระเกียรติ,ตำบลท่าช้าง,8.0,5.0,322.0,201.0,201.0,225.0,20.0,6.0,False,False,Ballot math mismatch: 225+20+6=251 ≠ 201,Candidate sum mismatch: sum=208 ≠ valid_votes=225,"ballot_math_fail (total=201, valid+void+spoiled=251) | candidate_sum_fail (sum=208, valid_votes=225)",2,,C,M0,0.6242236024844721,0.09950248756218906,0.029850746268656716
8897dee8f4f3c4311077992006d2c5ee,สส5ทับ18(บช).pdf,2026-05-09T13:14:43.588734,4,normal,partylist,อำเภอเฉลิมพระเกียรติ,ตำบลท่าช้าง,10.0,5.0,595.0,467.0,467.0,435.0,17.0,13.0,False,False,Ballot math mismatch: 435+17+13=465 ≠ 467,Candidate sum mismatch: sum=437 ≠ valid_votes=435,"ballot_math_fail (total=467, valid+void+spoiled=465) | candidate_sum_fail (sum=437, valid_votes=435)",2,,C,M0,0.7848739495798319,0.03640256959314775,0.027837259100642397
6f004fa71b79c953b5ff86ec38b1231a,พลสงคราม น.12 10-2-69 10.31.pdf,2026-05-06T12:31:03.603226,2,normal,district,อำเภอโนนสูง,ตำบลพลสงคราม,12.0,12.0,307.0,193.0,193.0,166.0,6.0,1.0,False,False,Ballot math mismatch: 166+6+1=173 ≠ 193,Candidate sum mismatch: sum=168 ≠ valid_votes=166,"ballot_math_fail (total=193, valid+void+spoiled=173) | candidate_sum_fail (sum=168, valid_votes=166)",2,,C,M0,0.6286644951140065,0.031088082901554404,0.0051813471502590676
6d86dc21c3c5a98db4072da7b7670695,บิง น.3.pdf,2026-05-06T12:23:24.874587,2,normal,district,อำเภอโนนสูง,ตำบลบิง,3.0,3.0,790.0,548.0,548.0,513.0,22.0,7.0,False,False,Ballot math mismatch: 513+22+7=542 ≠ 548,Candidate sum mismatch: sum=519 ≠ valid_votes=513,"ballot_math_fail (total=548, valid+void+spoiled=542) | candidate_sum_fail (sum=519, valid_votes=513)",2,,C,M0,0.6936708860759494,0.040145985401459854,0.012773722627737226
fd64ee8c38fae3f31b40de7971eef3c6,หลุมข้าว น.5.pdf,2026-05-09T13:46:23.073020,2,normal,district,อำเภอโนนสูง,ตำบลหลุมข้าว,4.0,5.0,532.0,346.0,341.0,327.0,9.0,10.0,False,False,Ballot math mismatch: 327+9+10=346 ≠ 341,Candidate sum mismatch: sum=335 ≠ valid_votes=327,"ballot_math_fail (total=341, valid+void+spoiled=346) | candidate_sum_fail (sum=335, valid_votes=327)",2,,C,M0,0.650375939849624,0.026392961876832845,0.02932551319648094
f6a0fb7a2121e7dd73e904fd58c4ce89,มะค่า น.16.pdf,2026-05-06T12:47:30.844826,4,normal,partylist,อำเภอโนนสูง,ตำบลมะค่า,15.0,16.0,540.0,353.0,353.0,378.0,27.0,8.0,False,False,Ballot math mismatch: 378+27+8=413 ≠ 353,Candidate sum mismatch: sum=5018 ≠ valid_votes=378,"ballot_math_fail (total=353, valid+void+spoiled=413) | candidate_sum_fail (sum=5018, valid_votes=378)",2,,C,M0,0.6537037037037037,0.0764872521246459,0.0226628895184136
fcdd4c7c761399912f902500e31075ef,น.8 ต.สัมฤทธิ์ ส.ส.5_18 (บช).pdf,2026-05-09T13:12:43.504721,4,normal,partylist,อำเภอพิมาย,ตำบลสัมฤทธิ์,7.0,8.0,367.0,265.0,,,16.0,14.0,False,False,total_ballots not found in header,valid_votes not available for comparison,null_header_field:total_ballots | null_header_field:valid_votes,2,,C,M0,0.7220708446866485,,
e76b9b78686f6b555e68e22fe65ceb04,น.11 ต.สัมฤทธิ์ ส.ส.5_18 (บช).pdf,2026-05-06T10:47:30.139153,4,normal,partylist,อำเภอพิมาย,ตำบลสัมฤทธิ์,10.0,11.0,966.0,278.0,278.0,201.0,14.0,29.0,False,False,Ballot math mismatch: 201+14+29=244 ≠ 278,Candidate sum mismatch: sum=239 ≠ valid_votes=201,"ballot_math_fail (total=278, valid+void+spoiled=244) | candidate_sum_fail (sum=239, valid_votes=201)",2,,C,M0,0.28778467908902694,0.050359712230215826,0.10431654676258993
f20b483ba73ef034ca20fa1e9acbf080,ดอนชมพู น.5.pdf,2026-05-06T12:01:50.817419,2,normal,district,อำเภอโนนสูง,ตำบลดอนชมพู,5.0,5.0,670.0,489.0,444.0,11.0,26.0,,False,False,Ballot math mismatch: 11+26+159=196 ≠ 444,Candidate sum mismatch: sum=444 ≠ valid_votes=11,"ballot_math_fail (total=444, valid+void+spoiled=196) | candidate_sum_fail (sum=444, valid_votes=11)",2,,C,M0,0.7298507462686568,0.05855855855855856,0.3581081081081081
edbdfb26c8001cfda68d325e78316bb1,นอกเขต ชุดที่ 2.pdf,2026-05-06T10:18:21.903921,4,advance_out_of_district,partylist,,,,,,,641.0,641.0,5.0,22.0,False,False,Ballot math mismatch: 641+5+22=668 ≠ 641,Candidate sum mismatch: sum=570 ≠ valid_votes=641,"ballot_math_fail (total=641, valid+void+spoiled=668) | candidate_sum_fail (sum=570, valid_votes=641)",2,,C,M1,,0.0078003120124804995,0.0343213728549142
e81ab2b70c44a0f40887d4767a1899d4,ด่านคล่า น.14 .pdf,2026-05-06T14:49:40.575382,4,normal,partylist,อำเภอโนนสูง,ตำบลด่านคล้า,13.0,14.0,285.0,206.0,206.0,189.0,15.0,8.0,False,False,Ballot math mismatch: 189+15+8=212 ≠ 206,Candidate sum mismatch: sum=183 ≠ valid_votes=189,"ballot_math_fail (total=206, valid+void+spoiled=212) | candidate_sum_fail (sum=183, valid_votes=189)",2,,C,M0,0.7228070175438597,0.07281553398058252,0.038834951456310676
e840c3a257d45ea2c942c1e76eb6d351,ดอนมพู น.4.pdf,2026-05-06T12:01:00.743828,4,normal,partylist,อำเภอโนนสูง,ตำบลดอนชมพู,4.0,1.0,415.0,258.0,258.0,235.0,15.0,12.0,False,False,Ballot math mismatch: 235+15+12=262 ≠ 258,Candidate sum mismatch: sum=275 ≠ valid_votes=235,"ballot_math_fail (total=258, valid+void+spoiled=262) | candidate_sum_fail (sum=275, valid_votes=235)",2,,C,M0,0.6216867469879518,0.05813953488372093,0.046511627906976744
dbb80df72bd762222c63fd7ed6cd61f7,ทต.ตลาดแค น.4.pdf,2026-05-06T15:38:25.316362,4,normal,partylist,อำเภอโนนสูง,ตำบลธารปราสาท,4.0,4.0,214.0,152.0,152.0,167.0,9.0,6.0,False,False,Ballot math mismatch: 167+9+6=182 ≠ 152,Candidate sum mismatch: sum=137 ≠ valid_votes=167,"ballot_math_fail (total=152, valid+void+spoiled=182) | candidate_sum_fail (sum=137, valid_votes=167)",2,,C,M0,0.7102803738317757,0.05921052631578947,0.039473684210526314
dd9ebe9093b98fdfd47d41e2f8c28d3f,ดอนชมพู น.13.pdf,2026-05-09T13:22:49.883930,2,normal,district,อำเภอโนนสูง,ตำบลดอนชมพู,12.0,13.0,201.0,450.0,180.0,137.0,5.0,8.0,False,False,Ballot math mismatch: 137+5+8=150 ≠ 180,Candidate sum mismatch: sum=158 ≠ valid_votes=137,"ballot_math_fail (total=180, valid+void+spoiled=150) | candidate_sum_fail (sum=158, valid_votes=137)",2,,C,M0,2.2388059701492535,0.027777777777777776,0.044444444444444446
c50b8c7b1fb84ec3656aaee99b1a930b,ธารปราสาท น.1.pdf,2026-05-06T12:07:03.352274,4,normal,partylist,อำเภอโนนสูง,ตำบลธารปราสาท,3.0,1.0,610.0,432.0,432.0,890.0,18.0,24.0,False,False,Ballot math mismatch: 890+18+24=932 ≠ 432,Candidate sum mismatch: sum=293 ≠ valid_votes=890,"ballot_math_fail (total=432, valid+void+spoiled=932) | candidate_sum_fail (sum=293, valid_votes=890)",2,,C,M0,0.7081967213114754,0.041666666666666664,0.05555555555555555
c96b2af078821f1e1329652f9f756abe,ส.ส 5ทับ18 (บช).pdf,2026-05-06T11:05:03.449773,4,normal,partylist,อำเภอเฉลิมพระเกียรติ,ตำบลช้างทอง,5.0,5.0,,204.0,234.0,188.0,14.0,2.0,False,True,Ballot math mismatch: 188+14+2=204 ≠ 234,OK,"null_header_field:eligible_voters | ballot_math_fail (total=234, valid+void+spoiled=204)",2,,C,M0,,0.05982905982905983,0.008547008547008548
bbe8a5ee7c5c8e19f66127e6d6a0182d,มะค่า น.13.pdf,2026-05-06T12:44:58.017928,2,normal,district,อำเภอโนนสูง,ตำบลมะค่า,12.0,13.0,382.0,178.0,178.0,177.0,7.0,4.0,False,False,Ballot math mismatch: 177+7+4=188 ≠ 178,Candidate sum mismatch: sum=132 ≠ valid_votes=177,"ballot_math_fail (total=178, valid+void+spoiled=188) | candidate_sum_fail (sum=132, valid_votes=177)",2,,C,M0,0.46596858638743455,0.03932584269662921,0.02247191011235955
e0b57b82c5dfc7bbd9c0ff001f92f15e,น.2 ต.สัมฤทธิ์ ส.ส.5_18 (บช).pdf,2026-05-06T10:51:29.470115,4,normal,partylist,อำเภอพิมาย,ตำบลสัมฤทธิ์,2.0,2.0,717.0,468.0,469.0,425.0,23.0,15.0,False,False,Ballot math mismatch: 425+23+15=463 ≠ 469,Candidate sum mismatch: sum=258 ≠ valid_votes=425,"ballot_math_fail (total=469, valid+void+spoiled=463) | candidate_sum_fail (sum=258, valid_votes=425)",2,,C,M0,0.6527196652719666,0.04904051172707889,0.031982942430703626
a63be73de042ca20062ad7facbb2be1a,พลสงคราม น.8 10-2-69 10.16.pdf,2026-05-06T12:39:49.258920,4,normal,partylist,อำเภอโนนสูง,ตำบลพลสงคราม,4.0,4.0,500.0,304.0,304.0,204.0,,,False,False,Ballot math mismatch: 204+171+106=481 ≠ 304,Candidate sum mismatch: sum=277 ≠ valid_votes=204,"ballot_math_fail (total=304, valid+void+spoiled=481) | candidate_sum_fail (sum=277, valid_votes=204)",2,,C,M0,0.608,0.5625,0.34868421052631576
b6edced297ee93512e4945cb84e963d6,สส.5ทับ18.pdf,2026-05-06T11:09:48.793284,2,normal,district,อำเภอเฉลิมพระเกียรติ,ตำบลท่าช้าง,2.0,1.0,232.0,173.0,193.0,163.0,5.0,5.0,False,False,Ballot math mismatch: 163+5+5=173 ≠ 193,Candidate sum mismatch: sum=185 ≠ valid_votes=163,"ballot_math_fail (total=193, valid+void+spoiled=173) | candidate_sum_fail (sum=185, valid_votes=163)",2,,C,M0,0.7456896551724138,0.025906735751295335,0.025906735751295335
8b906231c3c92326aecd238d9639fa10,น.2 ต.ชีวาน ส.ส.5_18 (บช).pdf,2026-05-06T10:31:03.767323,4,normal,partylist,อำเภอพิมาย,ตำบลชีวาน,2.0,2.0,316.0,209.0,209.0,196.0,7.0,4.0,False,False,Ballot math mismatch: 196+7+4=207 ≠ 209,Candidate sum mismatch: sum=190 ≠ valid_votes=196,"ballot_math_fail (total=209, valid+void+spoiled=207) | candidate_sum_fail (sum=190, valid_votes=196)",2,,C,M0,0.6613924050632911,0.03349282296650718,0.019138755980861243
8c13a16b3d51b2494162f3ac04926029,หน่วยที่ 5 ตำบลจันอัด.pdf,2026-05-06T11:51:45.167517,2,normal,district,อำเภอโนนสูง,ตำบลจันอัด,5.0,5.0,779.0,522.0,922.0,496.0,12.0,14.0,False,False,Ballot math mismatch: 496+12+14=522 ≠ 922,Candidate sum mismatch: sum=510 ≠ valid_votes=496,"ballot_math_fail (total=922, valid+void+spoiled=522) | candidate_sum_fail (sum=510, valid_votes=496)",2,,C,M0,0.6700898587933247,0.013015184381778741,0.015184381778741865
9c2cbbcab052e3a5d890beb1007efa3f,ชุดที่ ๑ (สีขาว) ส่งให้คณะกรรมการการเลือกตั.pdf,2026-05-06T15:00:25.486266,4,normal,partylist,อำเภอโนนสูง,ตำบลด่านคล้า,7.0,7.0,703.0,485.0,485.0,427.0,,18.0,False,False,Ballot math mismatch: 427+403+18=848 ≠ 485,Candidate sum mismatch: sum=429 ≠ valid_votes=427,"ballot_math_fail (total=485, valid+void+spoiled=848) | candidate_sum_fail (sum=429, valid_votes=427)",2,,C,M0,0.689900426742532,0.8309278350515464,0.03711340206185567
99d5ae50d65ec6790bc58a6dfbcbbad9,ขามเฒ่า 1.pdf,2026-05-09T13:16:03.426865,4,normal,partylist,อำเภอโนนสูง,ตำบลขามเฒ่า,1.0,1.0,320.0,233.0,233.0,296.0,21.0,6.0,False,False,Ballot math mismatch: 296+21+6=323 ≠ 233,Candidate sum mismatch: sum=212 ≠ valid_votes=296,"ballot_math_fail (total=233, valid+void+spoiled=323) | candidate_sum_fail (sum=212, valid_votes=296)",2,,C,M0,0.728125,0.09012875536480687,0.02575107296137339
c4fa5c09fc5ab9be74e6edff1d352489,นอกเขต ชุดที่ 5.pdf,2026-05-06T10:20:08.268679,2,advance_out_of_district,district,,,,,,,640.0,562.0,28.0,46.0,False,False,Ballot math mismatch: 562+28+46=636 ≠ 640,Candidate sum mismatch: sum=566 ≠ valid_votes=562,"ballot_math_fail (total=640, valid+void+spoiled=636) | candidate_sum_fail (sum=566, valid_votes=562)",2,,C,M1,,0.04375,0.071875
c4fa5c09fc5ab9be74e6edff1d352489,นอกเขต ชุดที่ 5.pdf,2026-05-06T10:20:08.268789,4,advance_out_of_district,partylist,,,,,,,640.0,640.0,7.0,23.0,False,False,Ballot math mismatch: 640+7+23=670 ≠ 640,Candidate sum mismatch: sum=610 ≠ valid_votes=640,"ballot_math_fail (total=640, valid+void+spoiled=670) | candidate_sum_fail (sum=610, valid_votes=640)",2,,C,M1,,0.0109375,0.0359375
bf198523917948d7c29d2173fbcd7eb6,โตนด น.7.pdf,2026-05-06T14:13:02.631363,4,normal,partylist,อำเภอโนนสูง,ตำบลโตนด,7.0,7.0,489.0,372.0,872.0,353.0,17.0,12.0,False,False,Ballot math mismatch: 353+17+12=382 ≠ 872,Candidate sum mismatch: sum=344 ≠ valid_votes=353,"ballot_math_fail (total=872, valid+void+spoiled=382) | candidate_sum_fail (sum=344, valid_votes=353)",2,,C,M0,0.7607361963190185,0.0194954128440367,0.013761467889908258
cbf7e276dd0e5fbd2e09ba3814cecd57,พลสงคราม น.1 10-2-69 09.59.pdf,2026-05-06T12:28:26.625553,4,normal,partylist,อำเภอโนนสูง,ตำบลพลสงคราม,1.0,1.0,699.0,228.0,383.0,235.0,25.0,8.0,False,False,Ballot math mismatch: 235+25+8=268 ≠ 383,Candidate sum mismatch: sum=340 ≠ valid_votes=235,"ballot_math_fail (total=383, valid+void+spoiled=268) | candidate_sum_fail (sum=340, valid_votes=235)",2,,C,M0,0.3261802575107296,0.06527415143603134,0.020887728459530026
d35798420350c435f6bd9a82f32f3006,มะค่า น.3.pdf,2026-05-09T13:41:13.752983,6,normal,district,อำเภอโนนสูง,ตำบลมะค่า,,,,,,,,,False,False,total_ballots not found in header,valid_votes not available for comparison,"ocr_missed_candidates:[1, 2, 4, 5, 6] | ocr_extra_candidates:[10, 11, 12, 13, 14, 15, 16, 17, 18, 19, 20, 21, 22, 23, 24, 25, 26, 27, 28, 29, 30, 31, 32, 33, 34, 35, 36, 37, 38, 39, 40, 41, 42, 43, 44, 45, 46, 47, 48, 49, 50, 51, 52, 53, 54, 55, 56, 57]",2,,C,M2,,,
cd48f5a3008689f499edb58f6d9e7c22,น.7 ต.กระเบื้องใหญ่ ส.ส.5_18.pdf,2026-05-06T10:28:15.064332,2,normal,district,อำเภอพิมาย,ตำบลกระเบื้องใหญ่,7.0,7.0,400.0,295.0,295.0,293.0,1.0,15.0,False,False,Ballot math mismatch: 293+1+15=309 ≠ 295,Candidate sum mismatch: sum=167 ≠ valid_votes=293,"ballot_math_fail (total=295, valid+void+spoiled=309) | candidate_sum_fail (sum=167, valid_votes=293)",2,,C,M0,0.7375,0.003389830508474576,0.05084745762711865
bbe8a5ee7c5c8e19f66127e6d6a0182d,มะค่า น.13.pdf,2026-05-06T12:44:58.018038,4,normal,partylist,อำเภอโนนสูง,ตำบลมะค่า,12.0,13.0,382.0,178.0,178.0,,11.0,3.0,False,False,Ballot math mismatch: 1674+11+3=1688 ≠ 178,Candidate sum mismatch: sum=164 ≠ valid_votes=1674,"ballot_math_fail (total=178, valid+void+spoiled=1688) | candidate_sum_fail (sum=164, valid_votes=1674)",2,,C,M0,0.46596858638743455,0.06179775280898876,0.016853932584269662
b7f18735305a78ab00ac4d87f4bb629d,ทต.มะค่า น.1.pdf,2026-05-06T15:04:06.660237,4,normal,partylist,อำเภอโนนสูง,ตำบลมะค่า,1.0,1.0,635.0,427.0,427.0,363.0,49.0,28.0,False,False,Ballot math mismatch: 363+49+28=440 ≠ 427,Candidate sum mismatch: sum=353 ≠ valid_votes=363,"ballot_math_fail (total=427, valid+void+spoiled=440) | candidate_sum_fail (sum=353, valid_votes=363)",2,,C,M0,0.6724409448818898,0.11475409836065574,0.06557377049180328
bb5a41b5dbb30109fa72f941f62db271,สส.5ทับ18(บช).pdf,2026-05-06T11:12:47.888609,4,normal,partylist,อำเภอเฉลิมพระเกียรติ,ตำบลท่าช้าง,6.0,4.0,220.0,167.0,167.0,157.0,16.0,0.0,False,False,Ballot math mismatch: 157+16+0=173 ≠ 167,Candidate sum mismatch: sum=137 ≠ valid_votes=157,"ballot_math_fail (total=167, valid+void+spoiled=173) | candidate_sum_fail (sum=137, valid_votes=157)",2,,C,M0,0.759090909090909,0.09580838323353294,0.0
41779a3e1280ef74347917db7d60e61d,มะค่า น.14.pdf,2026-05-06T12:45:50.818932,2,normal,district,อำเภอโนนสูง,ตำบลมะค่า,2.0,14.0,340.0,173.0,173.0,161.0,10.0,7.0,False,True,Ballot math mismatch: 161+10+7=178 ≠ 173,OK,"ballot_math_fail (total=173, valid+void+spoiled=178)",1,,C,M0,0.5088235294117647,0.057803468208092484,0.04046242774566474
253e38f07e33e0b09f3b6e390395bf2f,ลำคอหงษ์ น.2.pdf,2026-05-06T13:15:10.305378,2,normal,district,อำเภอโนนสูง,ตำบลลำคอหงษ์,2.0,2.0,478.0,531.0,530.0,498.0,24.0,5.0,False,True,Ballot math mismatch: 498+24+5=527 ≠ 530,OK,"ballot_math_fail (total=530, valid+void+spoiled=527)",1,,C,M0,1.110878661087866,0.045283018867924525,0.009433962264150943
105480986c2f76e4f498cc266ff3970e,ขามเฒ่า น.11.pdf,2026-05-06T11:36:38.868629,2,normal,district,อำเภอโนนสูง,ตำบลขามเฒ่า,11.0,11.0,180.0,109.0,109.0,96.0,8.0,3.0,False,True,Ballot math mismatch: 96+8+3=107 ≠ 109,OK,"ballot_math_fail (total=109, valid+void+spoiled=107)",1,,C,M0,0.6055555555555555,0.07339449541284404,0.027522935779816515
de8669c6ef5fa962e75924a2de829cdc,หลุมข้าว น.18.pdf,2026-05-06T13:37:58.287769,4,normal,partylist,อำเภอโนนสูง,ตำบลหลุมข้าว,15.0,18.0,306.0,217.0,217.0,196.0,13.0,,False,True,Ballot math mismatch: 196+13+88=297 ≠ 217,OK,"ballot_math_fail (total=217, valid+void+spoiled=297)",1,,C,M0,0.7091503267973857,0.059907834101382486,0.4055299539170507
67c7f449bb3c1e170f595deb775f3b49,ขามเฒ่า น.10.pdf,2026-05-09T13:17:41.424357,4,normal,partylist,อำเภอโนนสูง,ตำบลขามเฒ่า,10.0,10.0,273.0,116.0,116.0,179.0,11.0,7.0,False,True,Ballot math mismatch: 179+11+7=197 ≠ 116,OK,"ballot_math_fail (total=116, valid+void+spoiled=197)",1,,C,M0,0.4249084249084249,0.09482758620689655,0.0603448275862069
5328d57cf0ed6c57a6fcf9123b42521c,อส.4ทับ7.pdf,2026-05-06T11:27:55.057143,1,,,อำเภอเฉลิมพระเกียรติ,ตำบลท่าช้าง,,,,,,,,,False,False,total_ballots not found in header,valid_votes not available for comparison,"ocr_missed_candidates:[1, 2, 4, 5, 6, 7, 8, 9]",1,,C,M1,,,
62c281f9f300de1d165c3e8ce9ac801e,บิง น.4.pdf,2026-05-06T12:24:18.514349,4,normal,partylist,อำเภอโนนสูง,ตำบลบิง,4.0,4.0,776.0,548.0,548.0,498.0,33.0,19.0,False,True,Ballot math mismatch: 498+33+19=550 ≠ 548,OK,"ballot_math_fail (total=548, valid+void+spoiled=550)",1,,C,M0,0.7061855670103093,0.060218978102189784,0.03467153284671533
41779a3e1280ef74347917db7d60e61d,มะค่า น.14.pdf,2026-05-06T12:45:50.819051,4,normal,partylist,อำเภอโนนสูง,ตำบลมะค่า,2.0,14.0,340.0,173.0,173.0,161.0,11.0,6.0,False,True,Ballot math mismatch: 161+11+6=178 ≠ 173,OK,"ballot_math_fail (total=173, valid+void+spoiled=178)",1,,C,M0,0.5088235294117647,0.06358381502890173,0.03468208092485549
49c7877fcf251381e1d03b8d73dbb7ac,หน่วยที่ 2 ตำบลใหม่.pdf,2026-05-06T15:26:49.547681,2,normal,district,อำเภอโนนสูง,ตำบลใหม่,2.0,2.0,929.0,626.0,626.0,555.0,20.0,31.0,False,True,Ballot math mismatch: 555+20+31=606 ≠ 626,OK,"ballot_math_fail (total=626, valid+void+spoiled=606)",1,,C,M0,0.673842841765339,0.03194888178913738,0.04952076677316294
2dd20f23bd3cb633752b00bb65429d5f,หน่วยที่ 16 ตำบลใหม่.pdf,2026-05-06T15:25:56.481175,2,normal,district,อำเภอโนนสูง,ตำบลใหม่,16.0,16.0,367.0,310.0,390.0,298.0,10.0,2.0,False,True,Ballot math mismatch: 298+10+2=310 ≠ 390,OK,"ballot_math_fail (total=390, valid+void+spoiled=310)",1,,C,M0,0.8446866485013624,0.02564102564102564,0.005128205128205128
573f138d94c4d896fae7389c15f79181,น.8 ต.ชีวาน ส.ส.5_18 (บช).pdf,2026-05-06T10:37:15.698304,4,normal,partylist,อำเภอพิมาย,ตำบลชีวาน,8.0,8.0,263.0,177.0,177.0,160.0,11.0,1.0,False,True,Ballot math mismatch: 160+11+1=172 ≠ 177,OK,"ballot_math_fail (total=177, valid+void+spoiled=172)",1,,C,M0,0.6730038022813688,0.062146892655367235,0.005649717514124294
2d569ecf13128288424898f22f961c15,ขามเฒ่า น.6.pdf,2026-05-06T11:44:10.635212,2,normal,district,อำเภอโนนสูง,ตำบลขามเฒ่า,6.0,6.0,644.0,316.0,293.0,293.0,,15.0,False,True,Ballot math mismatch: 293+207+15=515 ≠ 293,OK,"ballot_math_fail (total=293, valid+void+spoiled=515)",1,,C,M0,0.4906832298136646,0.7064846416382252,0.051194539249146756
2be8d00c980cc4f48a4a7ccaf041dcdc,ลำคอหงษ์ น.10.pdf,2026-05-06T13:12:37.021431,2,normal,district,อำเภอโนนสูง,ตำบลลำคอหงษ์,10.0,10.0,149.0,96.0,6.0,90.0,5.0,1.0,False,True,Ballot math mismatch: 90+5+1=96 ≠ 6,OK,"ballot_math_fail (total=6, valid+void+spoiled=96)",1,,C,M0,0.6442953020134228,0.8333333333333334,0.16666666666666666
84e278ed11cf71bb7c7d0ce2467b8dc4,น.2 ต.ชีวาน ส.ส.5_18.pdf,2026-05-06T10:31:23.905943,2,normal,district,อำเภอพิมาย,ตำบลชีวาน,2.0,5.0,316.0,201.0,211.0,192.0,5.0,4.0,False,True,Ballot math mismatch: 192+5+4=201 ≠ 211,OK,"ballot_math_fail (total=211, valid+void+spoiled=201)",1,,C,M0,0.6360759493670886,0.023696682464454975,0.018957345971563982
8481bd6646a9ab106b0896081f0df205,หน่วยที่ 6 ตำบลใหม่.pdf,2026-05-06T15:30:20.767845,2,normal,district,อำเภอโนนสูง,ตำบลใหม่,6.0,6.0,855.0,674.0,674.0,576.0,25.0,13.0,False,True,Ballot math mismatch: 576+25+13=614 ≠ 674,OK,"ballot_math_fail (total=674, valid+void+spoiled=614)",1,,C,M0,0.7883040935672515,0.037091988130563795,0.019287833827893175
88ba8414b9e7cca61e32be91a39b9414,พลสงคราม น.4 10-2-69 10.07.pdf,2026-05-06T12:36:34.219284,4,normal,partylist,อำเภอโนนสูง,ตำบลพลสงคราม,4.0,4.0,528.0,307.0,807.0,270.0,30.0,7.0,False,True,Ballot math mismatch: 270+30+7=307 ≠ 807,OK,"ballot_math_fail (total=807, valid+void+spoiled=307)",1,,C,M0,0.5814393939393939,0.03717472118959108,0.008674101610904586
85b36c977c302475031db044ec936c5f,น.8 ต.กระเบื้องใหญ่ ส.ส.5_18 (บช).pdf,2026-05-06T10:28:47.819615,3,normal,partylist,อำเภอพิมาย,ตำบลกระเบื้องใหญ่,,,,,,,,,False,False,total_ballots not found in header,valid_votes not available for comparison,"ocr_missed_candidates:[1, 2, 3, 4, 5, 6]",1,,C,M2,,,
844f9c799f9ba748c3d49f981d7e6edb,ขามเฒ่า น.13.pdf,2026-05-06T11:38:17.548498,4,normal,partylist,อำเภอโนนสูง,ตำบลขามเฒ่า,13.0,13.0,146.0,104.0,104.0,95.0,26.0,36.0,False,True,Ballot math mismatch: 95+26+36=157 ≠ 104,OK,"ballot_math_fail (total=104, valid+void+spoiled=157)",1,,C,M0,0.7123287671232876,0.25,0.34615384615384615
8476eb4d191d9c5664d1972b47828311,หน่วยที่ 9 ตำบลใหม่.pdf,2026-05-06T15:35:04.885486,2,normal,district,อำเภอโนนสูง,ตำบลใหม่,1.0,1.0,739.0,527.0,527.0,478.0,21.0,49.0,False,True,Ballot math mismatch: 478+21+49=548 ≠ 527,OK,"ballot_math_fail (total=527, valid+void+spoiled=548)",1,,C,M0,0.713125845737483,0.03984819734345351,0.09297912713472485
fd64ee8c38fae3f31b40de7971eef3c6,หลุมข้าว น.5.pdf,2026-05-09T13:46:23.073103,4,normal,partylist,อำเภอโนนสูง,ตำบลหลุมข้าว,4.0,5.0,532.0,346.0,174.0,314.0,21.0,0.0,False,True,Ballot math mismatch: 314+21+0=335 ≠ 174,OK,"ballot_math_fail (total=174, valid+void+spoiled=335)",1,,C,M0,0.650375939849624,0.1206896551724138,0.0
a63be73de042ca20062ad7facbb2be1a,พลสงคราม น.8 10-2-69 10.16.pdf,2026-05-06T12:39:49.258806,2,normal,district,อำเภอโนนสูง,ตำบลพลสงคราม,4.0,4.0,560.0,304.0,268.0,268.0,17.0,,False,True,Ballot math mismatch: 268+17+192=477 ≠ 268,OK,"ballot_math_fail (total=268, valid+void+spoiled=477)",1,,C,M0,0.5428571428571428,0.06343283582089553,0.7164179104477612
a4f1455dd4c86817ae7c1b07fc0bbd44,ขามเฒ่า น.10.pdf,2026-05-09T13:16:52.329290,4,normal,partylist,อำเภอโนนสูง,ตำบลขามเฒ่า,10.0,10.0,273.0,116.0,116.0,179.0,11.0,7.0,False,True,Ballot math mismatch: 179+11+7=197 ≠ 116,OK,"ballot_math_fail (total=116, valid+void+spoiled=197)",1,,C,M0,0.4249084249084249,0.09482758620689655,0.0603448275862069
a5eb6c58ce65aff20ebc4924b991795a,นอกเขต ชุดที่ 4.pdf,2026-05-06T10:19:32.851670,4,advance_in_district,partylist,,,,,,,608.0,608.0,9.0,23.0,False,True,Ballot math mismatch: 608+9+23=640 ≠ 608,OK,"ballot_math_fail (total=608, valid+void+spoiled=640)",1,,C,M1,,0.014802631578947368,0.03782894736842105
9285377ca5b4959b50fd01cdc48c7099,ทต.ตลาดแค น.3.pdf,2026-05-06T15:37:34.869908,4,normal,partylist,อำเภอโนนสูง,ตำบลธารปราสาท,2.0,3.0,473.0,303.0,903.0,269.0,21.0,13.0,False,True,Ballot math mismatch: 269+21+13=303 ≠ 903,OK,"ballot_math_fail (total=903, valid+void+spoiled=303)",1,,C,M0,0.6405919661733616,0.023255813953488372,0.014396456256921373
91aba0d6831ddadd82e08472e2a8d340,หลุมข้าว น.14.pdf,2026-05-06T13:34:38.178862,4,normal,partylist,อำเภอโนนสูง,ตำบลหลุมข้าว,12.0,14.0,267.0,391.0,391.0,268.0,45.0,28.0,False,True,Ballot math mismatch: 268+45+28=341 ≠ 391,OK,"ballot_math_fail (total=391, valid+void+spoiled=341)",1,,C,M0,1.4644194756554307,0.11508951406649616,0.07161125319693094
9ec0b3f726dfccbc557c64f111530dc4,ลำมูล น.1 10-2-69 09.36.pdf,2026-05-06T13:21:43.717093,2,normal,district,อำเภอโนนสูง,ตำบลลำมูล,1.0,1.0,404.0,218.0,218.0,262.0,7.0,9.0,False,True,Ballot math mismatch: 262+7+9=278 ≠ 218,OK,"ballot_math_fail (total=218, valid+void+spoiled=278)",1,,C,M0,0.5396039603960396,0.03211009174311927,0.04128440366972477
a7531627982bc92e4137f34f3e6aeb8c,หน่วยที่ 4 ตำบลจันอัด.pdf,2026-05-06T11:50:56.314284,4,normal,partylist,อำเภอโนนสูง,ตำบลจันอัด,4.0,4.0,572.0,399.0,399.0,364.0,18.0,0.0,False,True,Ballot math mismatch: 364+18+0=382 ≠ 399,OK,"ballot_math_fail (total=399, valid+void+spoiled=382)",1,,C,M0,0.6975524475524476,0.045112781954887216,0.0
f8139889ac2eb2a32ee940a21e53ccd3,น.5 ต.ชีวาน ส.ส.5_18.pdf,2026-05-06T10:33:20.052635,1,normal,district,อำเภอพิมาย,ตำบลชีวาน,,,,,,,,,False,False,total_ballots not found in header,valid_votes not available for comparison,"ocr_missed_candidates:[1, 2, 4, 5, 6]",1,,C,M2,,,
b775f05a2a282d3910b9e16c39eee256,ช.6.pdf,2026-05-06T10:16:02.095697,4,advance_out_of_district,partylist,,,,,,,625.0,592.0,0.0,24.0,False,True,Ballot math mismatch: 592+0+24=616 ≠ 625,OK,"ballot_math_fail (total=625, valid+void+spoiled=616)",1,,C,M1,,0.0,0.0384
df838e8e89a4707ff202a504c3924fbd,น.1 ต.กระเบื้องใหญ่ ส.ส.5_18.pdf,2026-05-06T10:22:08.658036,2,normal,district,อำเภอพิมาย,ตำบลกระเบื้องใหญ่,1.0,1.0,669.0,448.0,448.0,419.0,44.0,15.0,False,True,Ballot math mismatch: 419+44+15=478 ≠ 448,OK,"ballot_math_fail (total=448, valid+void+spoiled=478)",1,,C,M0,0.6696562032884903,0.09821428571428571,0.033482142857142856
dc33feab0951277c3b21975359099222,ดอนชมพู น.11.pdf,2026-05-09T13:21:00.379264,6,normal,district,อำเภอโนนสูง,ตำบลดอนชมพู,,,,,,,,,False,False,total_ballots not found in header,valid_votes not available for comparison,"ocr_extra_candidates:[10, 11, 12, 13, 14, 15, 16, 17, 18, 19, 20, 21, 22, 23, 24, 25, 26, 27, 28, 29, 30, 31, 32, 33, 34, 35, 36, 37, 38, 39, 40, 41, 42, 43, 44, 45, 46, 47, 48, 49, 50, 51, 52, 53, 54, 55, 56, 57]",1,,C,M2,,,
06262dd43963995e2e11c892735cb75e,ส.ส.5ทับ18 (บช).pdf,2026-05-06T11:03:07.879098,4,normal,partylist,อำเภอเฉลิมพระเกียรติ,ตำบลช้างทอง,,,,,,,,,False,False,total_ballots not found in header,valid_votes not available for comparison,,0,,C,M2,,,
7bb7782d0289441ef6d4588eda70a3e5,หน่วยที่ 5 ตำบลใหม่.pdf,2026-05-06T15:29:29.090718,2,normal,district,อำเภอโนนสูง,ตำบลใหม่,,,,,,,,,False,False,total_ballots not found in header,valid_votes not available for comparison,,0,,C,M2,,,
c49a046c54c8f4876970e214ebeb811f,ทต.โนนสูง หน่วยที่ 7.pdf,2026-05-06T15:16:44.882978,2,normal,district,อำเภอโนนสูง,ตำบลโนนสูง,,,,,,,,,False,False,total_ballots not found in header,valid_votes not available for comparison,,0,,C,M2,,,
e79a810bc58d3eca65be424181e0730c,น.9 ต.สัมฤทธิ์ ส.ส.5_18.pdf,2026-05-06T10:57:36.818515,2,normal,district,อำเภอพิมาย,ตำบลสัมฤทธิ์,,,,,,,,,False,False,total_ballots not found in header,valid_votes not available for comparison,,0,,C,M2,,,
